name,author,number,mark,publish_time,extract
一读就懂的易经（一）（微信读书出品）,王晨阳,53人点评,89.10%,"98,475",华夏文明长河中智慧与文化的结晶，普通生活各个方面的重要元素符号。 经过五千年的发展，《易经》深深地影响着我们的生活。数千年来，中国的文人学士们都将《易经》作为一部值得日日、时时研读的经典，研习并遵从其中的道理。 孔子说“居则观其象而玩其辞，动则观其变而玩其占”，宋人叶采也曾讲“双双瓦雀行书案，点点杨花入砚池。闲坐小窗读周易，不知春去几多时”，唐代虞世南说“不读《易》不可为将相”，医学家孙思邈说“不知《易》便不足以言知医”，足见《易经》对后世人的重大影响和吸引力。 作为上古先贤总结传承的内容，学习与运用这个系统智慧，可以修身、治国、建功、避祸、持盈保泰……
道德经,老子 李若水译评,1.9万人点评,87.40%,2014年6月,《道德经》原名《老子》，汉代的河上公所著《老子章句》，把《老子》整理为《道经》37章，《德经》44章，故有《道德经》之名。《道德经》作者为老子（又名老聃，名李耳），春秋时期楚国人，是我国古代著名的思想家、道家学派的创始人。他和孔子同属一个时代，但年龄长于孔子。老子曾任周王室藏书管理者。相传，《道德经》一书写于他归隐时，途经函谷关，守将尹喜向他问道，于是老子才留下这部《道德经》。《道德经》是我国传统文化中一部举足轻重的经典著作，是我国首部完整的哲学著作。它虽然只有五千言，但文约意丰，字字珠玑，句句精辟，内容涉及政治学、军事学、伦理学、科学、宗教等诸多领域。
王阳明心学（知行合一进阶必读）,王觉仁,2326人点评,82.00%,2015年7月,一本讲透王阳明、传递正能量的心灵成长之书！知行合一进阶必读，欲成大事者，必读王阳明！让你强大自我内心、参透世事人心、走出心灵迷茫、获得幸福人生。翻开本书，带你走进心灵自由之路！ 一介儒生王阳明，为什么能成为立德、立功、立言三不朽的圣人？为什么能成为曾国藩、梁启超、稻盛和夫等中外名人共同的心灵导师？后世无数阳明心学的践行者，为什么也能走出精彩人生，成就辉煌事业？这是因为他们无一例外地掌握了解决人生问题的利器――阳明心学。 阳明心学集儒、释、道三家之大成，强调即理、知行合一、致良知，是500年来中国人精妙的神奇智慧。本书用通俗易懂的语言解读阳明心学的传世典籍《传习录》，深入浅出地阐释阳明心学的核心理念，旨在让今天的读者轻松领悟阳明心学知行合一的智慧精髓，修炼内心强大的自己，开启与生俱来的正能量，获得幸福完满的人生。
传习录,王阳明,3795人点评,90.70%,2017年4月,《传习录》是中国明代哲学家、宋明道学中心学一派的代表人物王阳明的语录和论学书信。“传习”出自《论语》中的“传不习乎”一语。本书对《传习录》原典进行了全面而细致的解读，不仅涵盖了原书的理论框架及译文翻译，而且，在剔抉其精义奥妙，探索其学术源流、文化背景的同时，在后面的“解读”中对原文进行了辨析，能让读者在阅读的同时收获更多人生的智慧。
了凡四训,袁了凡,1万人点评,81.60%,2017年7月,本书由《金刚经修心课》作者费勇教授精心翻译并作序。曾国藩、胡适、稻盛和夫提倡阅读的生活方式手册。明代思想家袁了凡留给子孙的家训，以毕生学识、经历与感悟为根基，谆谆讲授“我命由我不由天”的道理。行善事、得善果――以入世心劝人向善、谋求磊落的生活，堪为一部历久弥新的生活方式手册。
《金刚经》说什么,南怀瑾,7889人点评,91.10%,2016年4月,本书是南怀瑾先生有关《金刚经》的讲课记录。作者依据梁代昭明太子的分法，将《金刚经》分为三十二品（相当于章），然后逐品作了讲解。每一品均以一首偈颂作总结，以阐发自己的心得。《金刚经》是初期大乘佛教的代表作之一，也是般若类佛经的纲要书，它全称《金刚般若波罗蜜经》一卷，由姚秦鸠摩罗什于弘始祥译出，问世之后，即在社会上广泛流传，篡要、注解、类颂、重演、义记、采微、集解、科释、宗通、决疑、大意、直说等注释达一百多种。
知行合一王阳明,度阴山,1.4万人点评,78.30%,2014年7月,王阳明新婚之夜失踪，和高人切磋养生大法 在蛮荒的龙场，王阳明悟出了“圣人之道，吾性自足”，即人人皆有良知。而在血腥的沙场和险恶的朝堂，让龙场悟道实际发挥作用的，是“知行合一”，即遵循内心的良知，便能达到宁静于内、无敌于外的境界。如果心学是圣贤功夫，那么知行合一则是俗世智慧。知行合一并非得自顿悟，而是在磨难中不断反思、修练，最终砥砺出的生命境界。在经历了当众廷杖的奇耻、下狱待死的恐惧；流放南蛮的绝望、瘟疫肆虐的危险；荒山野岭的孤寂、无人问津的落寞，直至悟道的狂喜、得道的平静后，王阳明不但求得了内心的安宁，而且逐渐通过“知行合一”拥有了足以改变世界的力量。
道德经（中华国学经典精粹）,老子,5622人点评,90.20%,2015年7月,《道德经》是中华文化的经典著作，历代学者都将研读《道德经》作为必修功课。《道德经》共八十一章，多为韵文，分为“道经”与“德经”两大部分。《道德经》五千言，篇幅不长而论述精辟，其中含义深远，思想广博。其内容从多方面论述宇宙的本体、万物之源、自然规律等等，并将其意义融入到现实自然、社会、国家、民生等众多方面。大致分为：论道、治国、修身、砭时、养生、议兵六大方向。本书《道德经》原文遵照中华书局发行的通行版本，每一章以原文开头，之后有“注释”和“译文”两个板块，对字词的注释简明扼要，对原文的翻译精妙准确，同时融入通俗易懂的解读思想。另外，本书除了常有的字词注释和译文之外，还加入了“河上公”对道德经的注解，希望这位黄老学派的集大成者的见解，能为读者们抛砖引玉，以其为伴为镜，协助自我来更好地阅读并理解《道德经》的主旨思想。
论语,孔丘著 陈典译注,7394人点评,86.90%,2016年12月,古人半部《论语》治天下，今人半部《论语》修自身。尽管《论语》只是一些简单的对话，但包含了大量为人处世的大原则、大道理。国学大师南怀瑾先生曾形象地把孔子创始的儒家思想比作“粮食店”。可以说，孔子在《论语》中提出的思想，很多都是我们这个民族乃至全人类的“精神食粮”。《论语》与《大学》《中庸》《孟子》合称为“四书”，是儒家经典著作之一。《论语》首创语录之体，记录了孔子及其弟子们的言行，书中用简洁而又含义隽永的语言，讲述了修身、齐家、治国、平天下的至理名言。
图解易经（白话图解速断版）,高永平,4107人点评,82.70%,2013年3月,本书上篇用图解手法全面总结前人对《易经》的研究成果，让每个人都能迅速了解其脉络。下篇逐卦逐爻解释原文，并提供速查运势的图表。另外，本书配有500多幅插图，为阅读增加趣味，为查找提供便利。多数人并不想在易学领域达到一定高度，只希望通过学《易经》获得一个认识事物的独特视角，并能用于占筮预测。所以，学习的“性价比”很重要。这正是本书力求做到的。
易经真的很容易,曾仕强 刘君政,1872人点评,84.10%,2023年7月,《易经》，一部古老的传世经典，高度浓缩的人类智慧，因其深奥隐晦的辞句很难理解，令许多人虽有高度的热忱最终也只能望“经”兴叹，半途而废；今天，国学大师曾仕强教授为我们揭开《易经》神秘的面纱，让人一看便懂，一学即会。更值得推崇的是，本书明确指出《易经》绝对不是迷信！这也完全展现出《易经》的本来面目。书中从易经是一门什么样的学问入手，以图文结合的形式，全面阐释易经的基础知识，由浅入深的告诉读者如何利用易经的道理做到天人合一，怎样精确定位？怎样预测未来的变化？怎样趋吉避凶？易学的功能到底是什么？如此等一系列的问题，作者都给予了贴切的解答和中肯的建议；真正将易经的智慧运用到实际的工作和生活中去。看后让人耳目一新、豁然开朗！
次第花开（2017修订新版）,希阿荣博堪布,9939人点评,85.90%,2017年9月,《次第花开》是希阿荣博堪布所写的心灵随笔集，以现代人的思维和表达方式，将心灵世界应有的美好境界娓娓道来。本书就像是一个忠实的朋友，在迷茫脆弱的时候，给我们以鼓励和启发，让我们生起对三宝和佛法的信心以及求解脱的决心。书中处处散发着慈悲与智慧的光芒，堪布睿智柔和的文字，朴实生动的开示，帮助我们坦然地面对心的本性，并从各种困惑中解脱出来，获得重塑心灵世界的力量。
易经（中华国学经典精粹）,佚名,3591人点评,82.60%,2015年7月,《易经》被尊为“六经之首”，尊享着无比崇高的地位。而在道家经典中，《易经》也享有与其在儒家经典中相同的地位，被道家奉为“三玄之冠”。真正算得上是“群经之首，大道之源”。《四库全书总目提要》对于《易经》，曾给出了这样的定位：“易道广大，旁及天文、地理、乐律、兵法、韵学、算数，以逮方外之炉火皆可援易以为说。”可算是对《易经》全面而重要的评价，甚至无论从其影响的广度和深度上讲，都是世所罕见的，也从来没有一部著作能够产生它那样的重要影响。
哲学家们都干了些什么？ （修订版）,林欣浩,3920人点评,91.30%,2022年2月,一部严谨却不严肃的哲学史！       宇宙的外面是什么？       世界会不会是假的？       我是不是活在虚拟世界/别人的梦中？       上帝到底存在还是不存在？       这个世界有没有终极真理？       人生的意义是什么？       ……       你知道吗，你想过或者没想过的这些奇奇怪怪的问题，早在几千年前就被哲学家们一本正经地提出，挖空心思地找证据，面红耳赤地争论过了。在整个世界忙着探索、开垦、打仗、上天、发展的漫长历史中，这帮哲学家们却神经质地死磕这个世界的真相和人生的意义，就好像一个网络游戏里的角色试图琢磨自己手里武器的代码是什么…… 翻开本书，从神烦的苏格拉底开始，了解哲学家们穷其一生苦思的问题及最终答案。
中国哲学简史,冯友兰,1万人点评,88.80%,2013年1月,《中国哲学简史》打通古今中外的相关知识，以宏观开阔的视野对中国哲学进行了深入浅出的、融会贯通的讲解。在有限的篇幅里融入了对中国传统思想、文化、精神、智慧等方面的理解，融会了史与思的智慧结晶，洋溢着人生的智慧与哲人的洞见，寄托着现实的人生关怀。它在世界各地有多种译本，拥有众多的读者，是许多大学中国哲学的通用教材；同样，它也是广大读者学习中国古代文化、借鉴中国传统智慧、启迪现实人生的入门书。它是一部名副其实的可以影响大众一生的文化经典。本书是北京大学出版社独家拥有版权的冯友兰先生亲自指导翻译并认可的唯一版本。
一读就懂的道德经（一）（微信读书出品）,王晨阳,567人点评,71.20%,"185,874",讲述道家思想，体会传统智慧。 解读人生百态，领悟生活之道。 作为国学著作《道德经》分为上下两篇，上篇称《道经》，主要论述道的本质、特征和作用；下篇称《德经》，主要论述道德修养、政治治理等方面的内容。《道德经》强调道法自然、无为而治、以柔克刚等原则，对后世哲学、政治、文化产生了深远的影响。  通过学习和体会这些传统智慧，可以为读者解决生活问题提供启示，在面对困难和挑战时也保持平和的心态，作出正确的决策，让读者受益匪浅。
查拉图斯特拉如是说,尼采,1179人点评,85.80%,2020年1月,当善与恶的界限日益模糊，当一切坚固的东西都烟消云散，当生命之轻已变得不能承受，我们该从哪里求得生存的意义？是重造崇拜偶像？还是干脆沦于虚无，一路娱乐至死？在人类刚刚步入现代世界时，德国哲人尼采就严肃地思考上述问题――而一切答案，都汇聚到《查拉图斯特拉如是说》这部哲学小说中。通过主人公查拉图斯特拉的漫游与教诲，尼采发出了先知般的宣言：在“上帝已死”的时代，人应该直面虚无，从自身创造生命的意义，最终进化为能撑起生命重担的超人！
易经杂说,南怀瑾,4344人点评,88.20%,2015年4月,本书介绍了六十四卦的来历、过去卜卦的几种方法、《易经》与五行、干支、《河图》《洛书》的配合运用等；阐释了《系传》所揭示的人生和历史哲学；详细讲解了乾卦、坤卦、屯卦、需卦的卦名、卦辞、爻辞，以及解释它们的《彖辞》、《象辞》、《文言》，以之为例，示范六十四卦的研究方法；说明了《序卦》排列六十四卦的理由，等等。
命运的求索――中国命理学简史及推演方法,陆致极,318人点评,90.20%,2018年8月,《命运的求索：中国命理学简史及推演方法》以充实的史料，平实的语言，生动的例子，简述命理学的发展历史，展现命理研究在不同历史时期的哲学观念和探究方法的特点，使读者读后对曾在世俗文化中具有很大影响力的命理文化，有一个比较明晰的印象和简明的发展线索。
生命之书：365天的静心冥想,克里希那穆提,1238人点评,88.20%,2011年8月,《生命之书：365天的静心冥想》是克里希那穆提教诲的精选，诸多内容内地读者都不曾接触。对于尚未领略克氏智慧之光的人而言，这本是上佳入门读物，深入浅出，完整详实。对于已经入门的读者而言，它是深化之书，厘清困惑，涤净烦忧。绝对值得再三阅读，细细品味。  　　你可曾安静地坐着，不专注于任何事物，也不费劲地集中注意力，而是非常安详地坐着？这时你会听到各式各样的声音，会听到远处的喧闹声以及近在咫尺的细微声响。这意味着你把所有的声音都听进去了。你会发现自己的心在不强求的情况下产生了惊人的转变。这份转变里自有美和深刻的洞识。
一读就懂的易经（一）（微信读书出品）,王晨阳,53人点评,89.10%,"98,475",华夏文明长河中智慧与文化的结晶，普通生活各个方面的重要元素符号。 经过五千年的发展，《易经》深深地影响着我们的生活。数千年来，中国的文人学士们都将《易经》作为一部值得日日、时时研读的经典，研习并遵从其中的道理。 孔子说“居则观其象而玩其辞，动则观其变而玩其占”，宋人叶采也曾讲“双双瓦雀行书案，点点杨花入砚池。闲坐小窗读周易，不知春去几多时”，唐代虞世南说“不读《易》不可为将相”，医学家孙思邈说“不知《易》便不足以言知医”，足见《易经》对后世人的重大影响和吸引力。 作为上古先贤总结传承的内容，学习与运用这个系统智慧，可以修身、治国、建功、避祸、持盈保泰……
王阳明心学（知行合一进阶必读）,王觉仁,2326人点评,82.00%,2015年7月,一本讲透王阳明、传递正能量的心灵成长之书！知行合一进阶必读，欲成大事者，必读王阳明！让你强大自我内心、参透世事人心、走出心灵迷茫、获得幸福人生。翻开本书，带你走进心灵自由之路！ 一介儒生王阳明，为什么能成为立德、立功、立言三不朽的圣人？为什么能成为曾国藩、梁启超、稻盛和夫等中外名人共同的心灵导师？后世无数阳明心学的践行者，为什么也能走出精彩人生，成就辉煌事业？这是因为他们无一例外地掌握了解决人生问题的利器――阳明心学。 阳明心学集儒、释、道三家之大成，强调即理、知行合一、致良知，是500年来中国人精妙的神奇智慧。本书用通俗易懂的语言解读阳明心学的传世典籍《传习录》，深入浅出地阐释阳明心学的核心理念，旨在让今天的读者轻松领悟阳明心学知行合一的智慧精髓，修炼内心强大的自己，开启与生俱来的正能量，获得幸福完满的人生。
传习录,王阳明,3795人点评,90.70%,2017年4月,《传习录》是中国明代哲学家、宋明道学中心学一派的代表人物王阳明的语录和论学书信。“传习”出自《论语》中的“传不习乎”一语。本书对《传习录》原典进行了全面而细致的解读，不仅涵盖了原书的理论框架及译文翻译，而且，在剔抉其精义奥妙，探索其学术源流、文化背景的同时，在后面的“解读”中对原文进行了辨析，能让读者在阅读的同时收获更多人生的智慧。
了凡四训,袁了凡,1万人点评,81.60%,2017年7月,本书由《金刚经修心课》作者费勇教授精心翻译并作序。曾国藩、胡适、稻盛和夫提倡阅读的生活方式手册。明代思想家袁了凡留给子孙的家训，以毕生学识、经历与感悟为根基，谆谆讲授“我命由我不由天”的道理。行善事、得善果――以入世心劝人向善、谋求磊落的生活，堪为一部历久弥新的生活方式手册。
知行合一王阳明,度阴山,1.4万人点评,78.30%,2014年7月,王阳明新婚之夜失踪，和高人切磋养生大法 在蛮荒的龙场，王阳明悟出了“圣人之道，吾性自足”，即人人皆有良知。而在血腥的沙场和险恶的朝堂，让龙场悟道实际发挥作用的，是“知行合一”，即遵循内心的良知，便能达到宁静于内、无敌于外的境界。如果心学是圣贤功夫，那么知行合一则是俗世智慧。知行合一并非得自顿悟，而是在磨难中不断反思、修练，最终砥砺出的生命境界。在经历了当众廷杖的奇耻、下狱待死的恐惧；流放南蛮的绝望、瘟疫肆虐的危险；荒山野岭的孤寂、无人问津的落寞，直至悟道的狂喜、得道的平静后，王阳明不但求得了内心的安宁，而且逐渐通过“知行合一”拥有了足以改变世界的力量。
论语,孔丘著 陈典译注,7394人点评,86.90%,2016年12月,古人半部《论语》治天下，今人半部《论语》修自身。尽管《论语》只是一些简单的对话，但包含了大量为人处世的大原则、大道理。国学大师南怀瑾先生曾形象地把孔子创始的儒家思想比作“粮食店”。可以说，孔子在《论语》中提出的思想，很多都是我们这个民族乃至全人类的“精神食粮”。《论语》与《大学》《中庸》《孟子》合称为“四书”，是儒家经典著作之一。《论语》首创语录之体，记录了孔子及其弟子们的言行，书中用简洁而又含义隽永的语言，讲述了修身、齐家、治国、平天下的至理名言。
图解易经（白话图解速断版）,高永平,4107人点评,82.70%,2013年3月,本书上篇用图解手法全面总结前人对《易经》的研究成果，让每个人都能迅速了解其脉络。下篇逐卦逐爻解释原文，并提供速查运势的图表。另外，本书配有500多幅插图，为阅读增加趣味，为查找提供便利。多数人并不想在易学领域达到一定高度，只希望通过学《易经》获得一个认识事物的独特视角，并能用于占筮预测。所以，学习的“性价比”很重要。这正是本书力求做到的。
易经真的很容易,曾仕强 刘君政,1872人点评,84.10%,2023年7月,《易经》，一部古老的传世经典，高度浓缩的人类智慧，因其深奥隐晦的辞句很难理解，令许多人虽有高度的热忱最终也只能望“经”兴叹，半途而废；今天，国学大师曾仕强教授为我们揭开《易经》神秘的面纱，让人一看便懂，一学即会。更值得推崇的是，本书明确指出《易经》绝对不是迷信！这也完全展现出《易经》的本来面目。书中从易经是一门什么样的学问入手，以图文结合的形式，全面阐释易经的基础知识，由浅入深的告诉读者如何利用易经的道理做到天人合一，怎样精确定位？怎样预测未来的变化？怎样趋吉避凶？易学的功能到底是什么？如此等一系列的问题，作者都给予了贴切的解答和中肯的建议；真正将易经的智慧运用到实际的工作和生活中去。看后让人耳目一新、豁然开朗！
易经（中华国学经典精粹）,佚名,3591人点评,82.60%,2015年7月,《易经》被尊为“六经之首”，尊享着无比崇高的地位。而在道家经典中，《易经》也享有与其在儒家经典中相同的地位，被道家奉为“三玄之冠”。真正算得上是“群经之首，大道之源”。《四库全书总目提要》对于《易经》，曾给出了这样的定位：“易道广大，旁及天文、地理、乐律、兵法、韵学、算数，以逮方外之炉火皆可援易以为说。”可算是对《易经》全面而重要的评价，甚至无论从其影响的广度和深度上讲，都是世所罕见的，也从来没有一部著作能够产生它那样的重要影响。
中国哲学简史,冯友兰,1万人点评,88.80%,2013年1月,《中国哲学简史》打通古今中外的相关知识，以宏观开阔的视野对中国哲学进行了深入浅出的、融会贯通的讲解。在有限的篇幅里融入了对中国传统思想、文化、精神、智慧等方面的理解，融会了史与思的智慧结晶，洋溢着人生的智慧与哲人的洞见，寄托着现实的人生关怀。它在世界各地有多种译本，拥有众多的读者，是许多大学中国哲学的通用教材；同样，它也是广大读者学习中国古代文化、借鉴中国传统智慧、启迪现实人生的入门书。它是一部名副其实的可以影响大众一生的文化经典。本书是北京大学出版社独家拥有版权的冯友兰先生亲自指导翻译并认可的唯一版本。
一读就懂的道德经（一）（微信读书出品）,王晨阳,567人点评,71.20%,"185,874",讲述道家思想，体会传统智慧。 解读人生百态，领悟生活之道。 作为国学著作《道德经》分为上下两篇，上篇称《道经》，主要论述道的本质、特征和作用；下篇称《德经》，主要论述道德修养、政治治理等方面的内容。《道德经》强调道法自然、无为而治、以柔克刚等原则，对后世哲学、政治、文化产生了深远的影响。  通过学习和体会这些传统智慧，可以为读者解决生活问题提供启示，在面对困难和挑战时也保持平和的心态，作出正确的决策，让读者受益匪浅。
易经杂说,南怀瑾,4344人点评,88.20%,2015年4月,本书介绍了六十四卦的来历、过去卜卦的几种方法、《易经》与五行、干支、《河图》《洛书》的配合运用等；阐释了《系传》所揭示的人生和历史哲学；详细讲解了乾卦、坤卦、屯卦、需卦的卦名、卦辞、爻辞，以及解释它们的《彖辞》、《象辞》、《文言》，以之为例，示范六十四卦的研究方法；说明了《序卦》排列六十四卦的理由，等等。
道德经（典藏版）,李耳,876人点评,93.00%,2020年11月,《道德经》，又称《道德真经》《老子》《五千言》《老子五千文》，是中国古代先秦诸子分家前的一部著作，为其时诸子所共仰，传说是春秋时期的老子李耳（似是作者、注释者、传抄者的集合体）所撰写，是道家哲学思想的重要来源。道德经分上下两篇，原文上篇《德经》、下篇《道经》，不分章，后改为《道经》在前，《德经》在后，并分为81章。是中国历史上首部完整的哲学著作。
厚黑学,李宗吾,5759人点评,76.40%,2009年1月,作为民国第一奇书，而且是台北国立图书馆镇馆之宝，八十年代畅销于台湾、香港和日本。那么此书奇在何处，宝在何处，为何畅销？作者李宗吾以“正话反说”的形式，把中国历代“明君”、“圣人”脸上画的、头上蒙的那些仁义道德撕扯得干干净净，并统一地给他们一个新的定义“厚黑”。厚黑，简单说就是面厚心黑而已。刘邦因为厚黑而得天下，曹刘孙因为厚黑而三分天下，李世民因为厚黑而坐上皇位，由此可见，这些明君们的“发家史”其实就是“厚黑史”。而所谓的“圣人”也是因时势而造，因为汉武帝尊儒，所以孔子所推崇的人连同他自己就都成了圣人，如果汉武帝尊的是道家或法家，那么圣人们就又要换个名单。李宗吾文笔犀利、言语辛辣，以超凡绝世的思想深度，看透这埋藏数千年的封建历史之根本，并写诸笔端，将其大白于天下，这番高论甚至比鲁迅还要早。由此观之，李宗吾不愧为“二十世纪十大奇才怪杰”之一，也无愧于“近代之新圣人”的称号。
庄子Q,南怀瑾,1621人点评,91.20%,2014年5月,《庄子》一书在战国诸子百家中占有重要地位，内容博大精深，涵盖世间、出世间的重要观念法则和人生修身养心之道，是中华文化最伟大不朽的经典之一。《庄子》文章汪洋恣肆，仪态万方，但于现代人而言，不免有高深莫测、艰深难明之感。1981年秋，南怀瑾先生在台北十方书院讲解《庄子》，游乎经史子集，博征佛道乃至西方宗教学术观点，阐扬《庄子》大义，清晰明白，通俗生动，精义跌出。本书据南先生的讲解录音整理成书，定名《庄子Q》，按南先生的话说，“啦啦，QQ自语罢了”。
论语别裁（全集）,南怀瑾,2863人点评,91.80%,2014年7月,我们要了解传统文化，首先必须了解儒家的学术思想。要讲儒家的思想，首先便要研究孔孟的学术。要讲孔子的思想学术，必须先要了解《论语》。《论语》是一部记载孔子言语行事的重要儒家经典，相关章句注疏累代不绝。南怀瑾先生曾于1962年至1975年间三次讲述《论语》。第三次讲记结集出版时，南先生定名为“别裁”，意谓其讲述是个人所见，别裁于正宗儒者经学之外。南先生认为历来对《论语》的讲解，错误之处，屡见不鲜，主要问题在于所讲的义理不对，内容的讲法不合科学。他讲述《论语》，“别裁于正宗儒者经学之外”，重在“入乎其内、出乎其外地体验”。
道德经其实很好懂,度阴山,675人点评,85.30%,2023年5月,怎么都看不懂的《道德经》，被度阴山用几个小故事讲透了！ 轮扁制轮：“道”不可言说 齐国的制轮高手轮扁有一次和齐桓公分享自己的制轮心得，他说：“我做的轮子非常好。可每当我把诀窍说给儿子听时，他要么感觉我说得很浅，要么感觉我未说全。哪怕我每次说的是同样的心得，都和前一次有差别。后来我明白了，真正的心得是无法说出来的。‘道’也一样，一旦形成文字和言语，就会产生谬误和偏差。” 推恩令：“无为”不是什么都不做，而是避免采取有敌意的行为 推恩令的内容很简单：将原本只能由诸侯嫡长子继承的封地，分给诸侯的所有孩子。久而久之，封地被切割，大诸侯变成了小诸侯，大诸侯的威胁消解于无形。这就是“无为”――避免采取让对方感觉到有敌意的行为，在不知不觉中解决问题。
菜根谭,洪应明,5444人点评,85.70%,2017年5月,《菜根谭》涵盖了中国人处世哲学的方方面面，如果能读透这一本书，那么便能够帮助自己更好地处理好人际关系，能够让自己在这纷繁多变的世界里从多个方面感悟、体谅、修行，从而遇见更好的自己。
华杉讲透《论语》,华杉,2137人点评,87.50%,2016年11月,无需半点古文基础，也能完全读懂《论语》，直抵中国文化的源头。逐字逐句讲透《论语》原意！带你重返孔子讲学现场！本书作者华杉，综合了朱熹、王阳明、曾国藩等先贤的经典阐释，用409篇轻松畅快的解读文章，带你回到2500年前孔子讲道理、讲故事的教学现场，平白如话，亲切有味，读起来毫不费劲。翻开本书，切身体会两千五百多年来，中国人得以修身养性、安身立命的智慧箴言。
易经的奥秘：完整版,曾仕强,577人点评,84.40%,2023年4月,销量已经破百万的《《易经的奥秘》是一本《易经》的入门书、导读书，读者对象不分年龄、不分职业、不分文化层次、更不分高低贵贱，所有读者都可以轻松自如的学习《易经》这门古老而神秘的智慧经典；从中获得终生受益的智慧。
人生十二法则（新版）,乔丹・彼得森,73人点评,78.40%,2023年7月,面对人生中的混乱、焦虑与倦怠，我们需要的，不是虚伪的励志、空洞的安慰，而是严父近乎残酷的苛责教诲。 在引爆全球的现象级畅销书《人生十二法则》中，知名心理学家乔丹・彼得森将人类数千年来的哲学思考、神话故事中的精神财富与心理学、生物学、神经科学等学科的前沿研究相结合，用12条基本的人生法则，为我们找到摆脱人生困境的方法，其中包括如何摆脱长期的低落与疲惫，如何在工作中实现跨越式的进阶，如何发展有益身心的关系等。你只需要践行其中的几条，就能轻松夺回人生的主动权。 写给每一个挣扎生活的年轻人 我总是失败怎么办？――答案请参见法则一 我总是委屈自己满足别人怎么办？――答案请参见法则二 我的好朋友堕落了怎么办？――答案请参见法则三 我比别人差怎么办？――答案请参见法则四 我没法对孩子说“不”怎么办？――答案请参见法则五 我对任何事都提不起兴趣怎么办？――答案请参见法则六 上班让我不快乐怎么办？――答案请参见法则七 我对自己的现状不满意怎么办？――答案请参见法则八 我觉得周围的人总犯蠢怎么办？――答案请参见法则九 我处于人生的至暗时刻怎么办？――答案请参见法则十 面对他人的偏见怎么办？――答案请参见法则十一 我感到无法满足怎么办？――答案请参见法则十二 唯有了解规则、真知、历史与前沿科学中蕴含的真理，你才有能力面对人生的每一场困斗。
心法：稻盛和夫的哲学,稻盛和夫,224人点评,84.10%,2014年4月,《心法：稻盛和夫的哲学》共二十一章，作者用浅显易懂的语言，从宇宙、心智、欲望、人类的本性、人生的考验、苦恼与憎恨、共生与竞争等多个维度深入探讨了“人为什么活着”这一哲学基本命题，并由此展现了作者深刻的人生与经营智慧，揭示了企业永续经营、基业长青的奥秘所在。
伦理学与生活（第11版）,雅克・蒂洛 基思・克拉斯曼,72人点评,84.10%,2020年8月,作者直面当今社会深刻的道德危机，将伦理学理论应用于日常生活的阐释，鼓励道德主体的反思、批判和创新精神。这是本书的最大特色。本书对描述的、规范的和分析的伦理学进行了科学综合，汲取东方伦理学的精华，构建了“人道主义伦理学”体系；力倡生命价值、善良、公正、诚实和个人自由等五条道德原则，为生命（医学）伦理、企业伦理、媒体伦理、环境伦理、性伦理等广泛的社会伦理问题提供了应对之道。      本书自面世四十余年来，在世界范围内拥有持续增长的读者群。本书不仅为哲学与伦理学专业师生所喜爱，也广受非专业读者的欢迎。正如中国伦理学大家周辅成先生所言，本书体现的“知行合一”的为学为人之道，必将在广大中国读者当中引起灵魂深处的共鸣。
何为良好生活：行之于途而应于心,陈嘉映,578人点评,86.70%,2015年4月,本书呈现了作者对哲学中与我们生活最切近的伦理学诸问题的深入思考和明晰论述。“我该怎样生活”这个问题不只是人生道路之初的问题，而是贯穿人的一生的问题。这个问题，主要不是选择人生道路的问题，不是选对或选错人生道路的问题，而是行路的问题――知道自己在走什么路，知道这条路该怎么走：我们是否贴切着自己的真实天性行路。在最初“选择人生道路”的时候，没谁一开始通透了解自己的本性，了解周边环境并预见环境的变化。我们一开始不可能通透了解自己的本性，这不在于我们还不够聪明，而在于我们的本性在一开始不够具体，本性有待在盘根错节的实践中向我们逐渐清晰地显现。我们大概可以在这个意义上去理解歌德说他的浮士德是一系列越来越纯粹或纯洁（rein）的努力。我把这个“纯粹”或“纯洁”理解为：自身通透。我以为，这种自身通透是phronesis最核心的含义――洞明自己行在何处，浑然一体地洞明自己和自己所行之路，从而能贴切着自己的真实天性行路，把自己大致保持在天性所指的道路上。
现代性,汪民安,632人点评,90.50%,2020年4月,“现代性”是一个中外学术界都频繁使用的词。关于“现代性”，无论是其概念内涵、历史实践过程，还是其特征、其所包含的核心概念，以及后现代主义出现所标志的现代性的危机，都使得“现代性”变得纷繁复杂。本书试图对此作出简明扼要的叙述。作者从现代性的各个层面着手，对此进行了深入浅出的分析。
孔子传,钱穆,105人点评,88.50%,2021年12月,孔子为中国历史上第一大圣人。西汉司马迁《史记》采集以前各书材料写成《孔子世家》，是为记载孔子生平首尾条贯之第一篇传记。司马迁《史记・孔子世家》有材料选择不严谨、材料编排多重复等瑕疵，在司马迁之后的孔子研究中又存在诸如贪多无厌、审核不精等问题。本书综合司马迁以下各家考所订所得，重为孔子作传。其zui大宗旨，乃在孔子之为人，即其所自述所谓“学不厌、教不倦”者，而以寻求孔子毕生为学之日进无疆、与其教育事业之博大深微为主要中心，而政治事业次之。故本书所采材料亦以《论语》为主。其间取舍从违，实不专为讨论孔子之一生，乃为研究中国五千年文化传统一部人人必读书。
魔鬼家书,C.S.路易斯,102人点评,89.60%,2013年12月,《魔鬼家书》是一本纯粹想象出来的通信集。 通信双方，一个是老练的 “私酷鬼”，另一个是初级的试探鬼――“瘟木鬼”。两个鬼以书信的方式交流诱惑人的伎俩，恶毒地揭露人性中的丑陋与“疮疤”。不过，尽管两个鬼表面上惺惺作态，其实也是尔虞我诈，渴望最终“吞噬”对方。 书中，C.S.路易斯展开想象，用魔鬼的口对人之本性进行深度挖苦，让人在捧腹后亦不禁去反省，透视自己的真实动机，从而认识自己的本来面目。
臣服的力量,朱迪斯・欧洛芙,305人点评,70.00%,2018年6月,臣服是否代表软弱、失败或者放弃？臣服是否是一种不好的品质，需要被摒弃？面对难以解决的问题，我们应该抵抗到底还是适时放下？在生活、工作等领域，我们应该怎样理解并恰当利用“臣服”？在《臣服的力量》一书中，蜚声国际的能量治疗师兼医生朱迪斯・欧洛芙详细剖析了何为臣服，以及如何应用臣服。朱迪斯认为，臣服指的是懂得何时坚持，何时放下，全然拥抱当下的变化。而这样的臣服具有强大的力量，能让我们拥抱更多的可能性，收回错用的抵抗，摆脱完美主义、害怕失败、过度敏感、思虑过多等带来的问题。朱迪斯还告诉我们，臣服是一种与自己，与他人，与外界事物达成和解的艺术。通过《臣服的力量》一书，朱迪斯结合精神医学、直觉疗愈和灵性指引，详细剖析了在面对金钱、工作、爱情、病痛、死亡等11大人生课题时应该怎么做。很多时候，当我们不问成败反而能轻易地达成目标。
你值得过更好的生活2（独家首发｜全新修订本）,罗伯特・沙因费尔德,122人点评,81.40%,2020年5月,《你值得过更好的生活2》告诉你，你一直在玩着赚钱游戏，并承受着它所带来的不良后果。即使你的利润现在正在滚动增长，但总有些你为了赚到那笔钱而需付出的无形代价，那这笔钱总是处于风险之中，可能随时会消失。 《你值得过更好的生活2》会帮助你发现真实的你，你的真正能力所在，以及如何做你才能找到新的力量、智慧和丰盛，以便彻底改变你的赚钱经历。当你彻底摆脱以前的游戏时，你将瞬间玩起一种新游戏。
人生下半场最重要的事,玛丽・皮弗,94人点评,74.80%,2022年5月,对每个人来说，变老就是从呱呱坠地到停止呼吸之前的整个过程。我们已经进入一个老龄化社会，女性的处境将会更加艰难，随着年龄的增长，女性难免会面临年龄歧视、职场瓶颈、家庭变故、容貌焦虑和身体机能的衰退。当衰老这件无可避免的事终于发生在我们身上，我们是否已做好物质上的准备能够实现老后的自由？我们该如何面对生理和心理上的一系列变化？作为主要与女性打交道的心理治疗师，本书作者玛丽・皮福的研究重点一直是女性，在这本书中，她深刻剖析了女性随着年龄增长所面临的种种问题，并给出实用性的解决方案：该如何安排孩子长大离家后的空巢生活？独居的人怎样摆脱孤独，保护自己？有伴侣的人如何维持亲密关系？怎么做一个好的陪护者，与疾病共处？老后的财产如何规划？抱团养老是否可行？怎样通过好的人际关系来缓解绝望情绪？
道德情操论,亚当・斯密,881人点评,72.10%,2018年3月,首次提到了著名的“看不见的手”理论 经典重译计划②不朽之作，值得重读 ★亚当・斯密本人最为重视的伦理学经典著作 ★近七千人众筹支持，经典之作最适合大众阅读的版本 《道德情操论》初版于1795年问世，相比起《国富论》，该书更受斯密本人重视。原著全书共七卷，反复修订过五次，直至亚当・斯密去世前，都还在大幅修改此书，并将最后一次改写称之为对人世最后的告别。 众所周时，《道德情操论》是一本道德哲学著作，但可能鲜少有人知道，其对于经济学的价值，更是无与伦比，可以说此书为市场经济的合理性奠定了伦理基础。在书中，斯密首次提到了著名的“看不见的手”理论，可以说本书为多年以后在《国富论》中更详细地展开关于利己心、交换、分工、财富生产与积累、自然自由、公共利益等的体系性的论述做了哲学铺垫。 《道德情操论》自1997年由商务印书馆出版首个中文版以来，译本不下30多个，翻译水平参差不齐，我们这次的精读本参照的是由格拉斯哥大学整理，并由牛津大学出版社的《斯密著作和通信集》中的版本，此版本为目前学术界最为推崇的版本，力求做到对原著最合适的表达。和《国富论》一样，此次也配以译者导读，并加入了大量助于理解的精美插图，希望能够成为最适合大众阅读的版本。
妄想的悖论：人性中自我欺骗的力量,尚卡尔・韦丹塔姆 比尔・梅斯勒,141人点评,82.30%,2023年4月,自我欺骗会对我们、我们的社群、我们的地球造成难以计数的伤害。但既然如此，为何自我欺骗现象又普遍存在？尚卡尔・韦丹塔姆和比尔・梅斯勒在本书中指出，虽然看起来矛盾，但自我欺骗有时也在我们追求成功和幸福的过程中扮演着重要角色。 本书独具匠心，强调人性中妄想或自我欺骗的独特意义，生动叙述了为什么我们告诉自己的谎言支撑着我们与朋友、恋人和同事的日常互动，为什么有些人比其他人活得更久，为什么有些情侣恩爱有加，而另一些则不然，为什么有些民族或国家团结一致，而另一些则四分五裂。 本书采用科学和轶事相结合的方式，并汲取心理学、神经科学和哲学的新见解，带领读者踏上一段奇妙之旅，去探寻成为人类究竟意味着什么。
金钱不能买什么,迈克尔・桑德尔,938人点评,72.80%,2012年11月,作为哈佛大学最受欢迎的课程讲席教授之一，桑德尔曾在全球掀起过“公正”热潮。他教授的《公正》课程，是哈佛大学有史以来累计听课人数最多的课程，并成为哈佛大学首个免费公开课。在其新作《金钱不能买什么：金钱与公正的正面交锋》中，迈克尔・桑德尔论述了当下最为突出的道德问题之一：在我们这个世界，任何事物都可以出售，这个世界难道没有问题？如果是这样，我们又该如何防止市场价值观侵蚀本不该由它们主导的领域？市场的道德界限又何在？
孝经,孔丘,106人点评,90.20%,2015年9月,本书为公版书，为不受著作权法限制的作家、艺术家及其它人士发布的作品，供广大读者阅读交流。汇聚授权电子版权。
好女孩上天堂“坏”女孩走四方,乌特・艾尔哈特,133人点评,75.70%,2017年1月,《好女孩上天堂“坏”女孩走四方》是一部经典的女性心灵励志读物，乌特?艾尔哈特用生动的语言和贴切的例子告诉人们好女孩的思想误区和“坏”女孩们是如何成就自己的，深度剖析好女孩和“坏”女孩不同的心灵潜台词，帮助好女孩找到自身蕴藏的优势，改变以往隐忍懦弱的性格和一味退让的处世哲学，引导她们走出生活和职业的误区，唤醒自己的主动成功机制，发现自身的价值，过上自己真正想要的生活。
幸福要练习,戴维・迈尔斯,127人点评,85.20%,2023年8月,这是一本讲述“幸福是什么”以及“如何获得幸福”的心理学著作。在这本书中，社会心理学家戴维?迈尔斯回顾了全世界数千项以幸福为主题的科学研究，为大家解答“幸福的秘密是什么”。这本书不是陈词滥调的幸福速成方法，而是基于最新科学研究结果，教你冷静地看待人类幸福的本质。通过这本书，我们可以了解到幸福的人具有什么样的内在特质，朋友、信仰、金钱等因素对个人幸福的影响。这本书文风幽默、富有智慧，提供了找寻真正幸福的方法，让每个人都能收获拥有幸福的能力。
放过自己，允许一切发生：不比较，轻松而坚定地活,萨维里奥・托马塞拉,34人点评,89.40%,2023年9月,我们现在总是被很多的目标、很多的榜样、很多的鼓励围绕着，逼迫自己不断前进。当我们被一次次的失败打击时，我们为什么不能选择勇敢地放过自己?为什么我们不能发挥自己的优势和潜力，而只能听命于外部的声音?  本书作者通过研究发现，放过自己需要的是长期的勇气，而不是瞬时的驱动力。我们需要坚毅、勇敢:敢于思考、诉说、行动、发明、表现独特的自我，勇敢地跨过阻碍我们前进的障碍。  在本书中，作者为“放过自己”赋予了新的含义:放过自己不是任性，而是为生命创造更多积极的意义。本书帮助我们认清内部和外部的障碍，看到妨碍我们前进的阻力，这些障碍可能连我们自己都没有意识到。以敢于探索的心态融入社会，找回天性中的积极、热情、好奇与创造力，方能让生命更有意义。
专念,埃伦・兰格,74人点评,71.00%,2012年4月,《专念：积极心理学的力量》是积极心理学奠基人之一、哈佛大学著名心理学家兰格的成名作。 “我想我应该没嫉妒过任何人，因为如果某人有某样东西，我也可以拥有。”兰格博士在演讲中这样说道。 她之所以如此有信心，是因为三十多年来对“专念”的研究让她知道，只要去注意生活中的细微变化，那么 原本认为不可能达成的事，最终都可能实现。比如，用一块普通的门板换回1万美元；用短短一个星期，让 一群七八十岁的老人变年轻；在夕阳产业中发现商机；让枯燥的常规工作变得有趣，并带来成就感；让你最 讨厌的邻居变成益友…… 不要再问“那怎么可能”，而要问“为什么不能”，结果将超乎你的想象！ 兰格博士的“专念”启发了整个世界，改变无数人思考与感觉的模式。专念是不受束缚的思维，是洞悉 一切的思维，是既理性又充满远见的思维。 《专念：积极心理学的力量》被《影响力》《追求卓越》《全新思维》等畅销书转载传颂，被权威书评媒 体《书目》杂志评为一本划时代的巨作。
人间行走：向着通透与自由,郭城,1165人点评,84.10%,2021年6月,琢磨先生幽默三部曲之新作 这是一本分享人生正确生活态度的心理励志书。作者将人生喻作一场旅行，而我们都是人世间的行人。在这趟旅行中，每个人都不免会遇到焦虑、挣扎、彷徨……但是这些光怪陆离的世相背后，仍有些不变东西需要我们去了解，而著作就是通过自己富有哲思兼具有趣的内容，带我们正确看待生活常遇到的问题，比如偏见、与他人的交往、孤独、爱情、婚姻，等等。著作结构别具一格，采取“虚实结合”的手法，将主题寓于现实旅行及思想旅行之中，将困扰我们生活的话题娓娓道来，以自己一贯的辛辣文风，分享具有哲理性的认知。让我们能够更加通透地看待世事，给思想解绑，获得自由。
伦理学是什么,何怀宏,116人点评,71.40%,2015年9月,本套丛书由著名院校著名学者倾心撰写，旨在提高国民的人文素质，普及社会科学知识。此系列书涵盖一级学科共24种，每种书均包括学科产生背景、研究对象、主要代表人物及思想，学科价值及学科发展到今天的一些前沿问题。做为学术普及读物，此套丛书获首届国家图书馆文津图书奖（2005）、全国输出版优秀图书奖（2004）、全国青年优秀读物一等奖（2003）、国家图书奖提名奖（2003）、全国优秀畅销书奖（2002）；被列为全国新书目推荐阅读图书（2005）、国家教育部、新闻出版署、团中央等单位联名推荐阅读图书（2004）、全国大部分省市新闻出版局及部分企事业单位推荐图书（2003）。
逻辑学导论（第15版）,欧文・M.柯匹 卡尔・科恩 维克多・罗迪奇,561人点评,91.00%,2022年11月,本书是当今逻辑教科书的标准范本，是清晰性与准确性的典范，它能够使学生理解、把握并应用古典三段论逻辑和更为强有力的现代符号逻辑技术。书中所选用的有关政治、哲学、科学及多领域当代论争的鲜活的论证实例，展示了许多严肃的学者和思想家在解决实际问题的过程中对逻辑原理的应用，使逻辑学习既内容充盈又富有生活气息。
麦肯锡结构化战略思维：如何想清楚、说明白、做到位,周国元,2003人点评,80.00%,2021年1月,《麦肯锡结构化战略思维：如何想清楚、说明白、做到位》作者根据自己在麦肯锡工作的经验，首次体系化地从思考、交流到实施全流程，介绍了结构化战略思维，拆解了其方法论，着重讲了“结构化思维4大原则”“新麦肯锡5步法”和“培养结构化战略思维需要养成的10个习惯”，同时把12个知识要点用图解的方式做了直观呈现，以帮助我们学习并掌握“自上而下”的结构化战略思维方式和方法，让我们在复杂、多变、模糊而不确定的时代冲破专业与经验的禁锢，以数字和逻辑为工具，自信地面对和分解任何问题与挑战，并能快速提出高效而有创造性的解决方案，逐渐成长为解决问题的高手。
简单的逻辑学（新版）,D.Q.麦克伦尼,199人点评,68.20%,2023年5月,这是一本足以彻/底改变你思维世界的小书。美国著/名逻辑学家、哲学教授D.Q.麦克伦尼， 将一门宽广、深奥的逻辑科学以贴近生活、通俗易懂、妙趣横生的语言娓娓道来。它既没有刻板 的理论教条，也不是正规的教科书，而是一本必不可/多得的现实指南。 作者在书中告诉我们，生活中，逻辑无处不在。无论我们是有意还是无意，逻辑无时不在服 务于我们的生活。然而逻辑到底是什么，也许并没有太多的人有很清楚的概念。作者以其简练而 又充满趣味的笔触，将逻辑学活化为一种艺术，从它的基本原理，到论证，到非逻辑思维的根源， 再到28种就发生在你身边的非逻辑思维形式，带你进入精彩无比的逻辑世界，体会妙趣横生的 思维交锋，跨过无处不在的逻辑陷阱，让你沉醉其中，欲罢不能。
小逻辑,黑格尔著,668人点评,83.70%,2009年8月,本书是《哲学全书纲要》的第一部分，通称《小逻辑》，以区别于《大逻辑》（即逻辑学）。全书除导言外，共分:存在论、本质论、概念论三篇，反映了黑格尔哲学体系的基本框架。黑格尔的《小逻辑》是构成他的《哲学全书》的一个主要环节，它的好处在于把握住全系统的轮廓和重点，材料分配均匀，文字简奥紧凑，而义蕴深厚。初看似颇难解，及细加咀嚼，愈觉意味无穷，启发人深思。他的学生在他逝世后编订全集时，再附加以学生笔记作为附释，于是使得这书又有了明白晓畅，亲切感人的特点。
简单的逻辑学,D.Q.麦克伦尼,7701人点评,66.10%,2013年6月,逻辑学科普入门书 这是一本足以彻底改变你思维世界的小书。美国著名逻辑学家、哲学教授D.Q.麦克伦尼，将一门宽广、深奥的逻辑科学以贴近生活、通俗易懂、妙趣横生的语言娓娓道来。它既没有刻板的理论教条，也不是正规的教科书，而是一本必不可多得的现实指南。正如著名行为学家孙路弘所说： 《简单的逻辑学》就如一场及时雨，一本治愈社会疾病的宝典，的确是应该人手一册。作者在书中告诉我们，生活中，逻辑无处不在。无论我们是有意还是无意，逻辑无时不在服务于我们的生活。然而逻辑到底是什么，也许并没有太多的人有很清楚的概念。作者以其简练而又充满趣味的笔触，将逻辑学活化为一种艺术，从它的基本原理，到论证，到非逻辑思维的根源，再到28种就发生在你身边的非逻辑思维形式，带领我们进入这个精彩无比的逻辑世界，体会妙趣横生的思维交锋，跨过无处不在的逻辑陷阱，让你沉醉其中，欲罢不能。
清醒思考的策略,罗尔夫・多贝里,1980人点评,74.50%,2019年7月,做正确的事，把事做正确。思维策略的不同，正是高手和普通人的区别。生活中，我们往往凭着直觉决策和行动，而且认为这种直觉和偏好很可靠。但这个世界充满了复杂性和不确定性，有时，我们的大脑无法适应如此多变的环境，并且我们往往对自己熟知的事物确信不疑，可其中存在认知偏误。因此，我们需要《清醒思考的策略》这套在心理学中被称为“策略法”的思维工具。《清醒思考的策略》作者多贝里依据成功价值型投资者的思维策略，以及过去40年的心理学研究和古希腊的哲学思想，总结了52个思维策略，帮助我们逐渐调整、优化我们的大脑，改变我们的认知，提升决策力和行动力。掌握清醒思考的策略，比学识和金钱重要，甚至比智商更重要。
逻辑学（上）（汉译世界学术名著丛书）,黑格尔 杨一之,110人点评,74.40%,2001年1月,黑格尔的《逻辑学》，通称“大逻辑”，以别于《哲学全书》中的第一部分“逻辑学”，即通称的“小逻辑”。《逻辑学》共分“有论”、“本质论”和“概念论”三编，前两编合称客观逻辑，分别出版于1812年和1813年，第三编称主观逻辑，出版于1816年。全书三编出版后，黑格尔又着手修订，仅完成了第一编“有论”部分。
逻辑哲学论,路德维希・约瑟夫・约翰・维特根斯坦,66人点评,89.80%,2021年6月,《逻辑哲学论》是维特根斯坦的主要著作，也是逻辑实证主义的早期重要著作。在早期分析哲学运动中被奉为经典。作者从“世界时一切发生的事情”到“对于不可说的，人们必须报以沉默”的论述，都成功地为世界划定了一个界限。书中所提到的“原子事实”、“事态”、“对象”等概念以及这些概念的确切含义以及它们之间的关系，大半个世纪以来一直就该书研究者悉心探讨的问题。维特根斯坦在这本书中否定因果律，断言逻辑和数学的命题都是重言性质的，所有哲学史上争论的问题都是无意义的，哲学的任务只是对语言进行逻辑分析，即日常语言的明确化。
时间,奎多?托内利,62人点评,86.90%,"86,789",2022年度宇宙奖获奖作品，费米奖等多项大奖得主新作  文津奖获得者、著名理论物理学家 李淼  全文审校，做序推荐  自《时间简史》以来，  近几十年中既诗意又前沿的时间真相    本书是一本前沿、优美的时间简史。在书中，作者从经典物理中的时间、相对论中的时间和量子力学中的时间三个方面，带领我们沿着一条曲折的道路、从全新的角度去认识时间，感受速度、悬念、加速和等待。本书不仅讲述了有关时间的科学理论和发现，还囊括了古老神话、艺术、诗歌、文学、历史，以及人类的恐惧。
向上管理的艺术(升级版)：如何正确汇报工作,蒋巍巍,378人点评,69.10%,2020年1月,《向上管理的艺术（升级版）：如何正确汇报工作》通过“4个步骤、4个问题、7个秘诀和8个难题”，全面解析职场中的上下级关系以及如何建立和谐的上下级关系，手把手教你如何正确地汇报工作。这是一本有关“工作汇报”的实用手册，同时也是一本解读“如何与上司相处”的行为指南，能帮助读者学会正确汇报工作，完成从“透明人”到“不可替代者”的过渡，成为上司信任和依赖的对象，掌握在职场中发展与晋升的秘诀。《向上管理的艺术（升级版）：如何正确汇报工作》适合对沟通技巧感兴趣的职场人士阅读。
逻辑学十五讲（第二版）,陈波,221人点评,78.10%,2019年7月,本书是作者在北京大学开设全校通选课逻辑导论的讲稿。全书系统地论述了逻辑学的基本理论范畴和思维方法、技能，并介绍了历史上几位重要的逻辑学家。通过阅读本书，读者不难对逻辑学有一个基本的轮廓性了解，对其最基本的内容、方法和技能有较好的掌握，更重要的是激发进一步学习的兴趣。本次修订增加了最新研究成果，附录四篇相关文章。
批判性思维与说服性写作：独立思考者的精进技巧,路易丝・卡茨,139人点评,74.80%,2021年8月,你在写什么？你为谁而写？更重要的是――你为何要写？要想写出有说服力的文章，你不仅要知道以上问题的答案，还要学会有效地运用语言。本书旨在指导读者更好地将批判性与创造性结合，掌握独立思考能力，进而写出深刻、引人入胜的论文。本书前半部分系统梳理了批判性思维的发展简史，随后提供了培养批判性思维的工具和方法。接着，本书探讨了创造性思维与批判性思维结合的必要性及其在学术写作中的运用。最后，本书在后半部分介绍了如何利用叙述风格和修辞手法增强论证的说服力。每个章节在讲述理论的同时提供了具有针对性的练习与活动，它们有助于读者实践新的技能、巩固已有知识、提升思维能力。本书提供扎实的理论知识和众多具有可操作性的训练。对于想要打磨自己批判性分析和沟通技巧以及独立思考能力的大学生，本书提供的技能训练和理论资源不可或缺。
图解逻辑学,明道,168人点评,74.00%,2018年3月,这是一本活跃思维的大型工具书，我们将以图解的方式帮你挖掘大脑潜能，以有效的形式助你活跃思维，提高分析和解决各种难题的能力。当你跟着本书的指引，通过认真思考和仔细观察，成功地解决了问题之后，你会欣喜地发现，那些拥有卓绝成就的人所具备的超凡思维能力，并不是遥不可及的。通过本书的阅读，你可以冲破思维定式，试着从不同的角度思考问题，不断地进行逆向思维，换位思考，无论是参加世界500强企业面试，还是报考MBA等，都能轻松应对。运用从本书中学到的各种逻辑思维方法，能够帮助你成功破解各种难题，让你全面开发思维潜能，成长为社会精英和时代强者。
逻辑学入门：清晰思考、理性生活的88个逻辑学常识,格桑,204人点评,41.00%,2020年8月,我国逻辑学家、哲学家金岳霖曾说：逻辑是生活中找寻并满足其愿望的实际工具，没有逻辑，我们的生活将十分沉重，以致几乎是不可能的。很多人都认为逻辑学宽广且枯燥深奥，不容易学习更不容易运用。本书作者认为，逻辑在生活中无处不在，逻辑时刻服务于我们的生活，即便很多人对其没有清楚的概念。作者在本书以碎片化的文本形式、贴近生活的案例和故事、简练又充满机智的笔触，帮助读者轻松地了解逻辑学常识和概念，辨别语言陷阱，认识逻辑谬误，学会用清晰理性的方式思考问题。
哲学小史：西方哲学40讲,奈杰尔・沃伯顿,200人点评,82.30%,2021年5月,《哲学小史》是一部生动的哲学入门书。作者在西方2500年的历史长河中，选取了40个主题，每个主题用3000字左右的故事，介绍了从“提问的人”苏格拉底到“现代牛虻”彼得?辛格等52位哲学家对人类思想的主要贡献，并由此反映出西方哲学发展的脉络与探讨的主要问题，如我们应该怎样生活、上帝是否存在、我们如何认识外部世界、什么是正义、什么是道德等。书中没有抽象的哲学概念、难懂的哲学理论，而是充满了哲学家妙趣横生甚至离奇古怪的人生故事，但并没有失去哲学的本质，那就是引导我们像哲学家那样思考、争论、论证和质疑。
“清醒思考”系列（套装三册）,罗尔夫・多贝里,53人点评,84.30%,2019年7月,套装包含《清醒思考的策略》、《清醒思考的艺术》和《明智行动的艺术》共三本。
逻辑思维训练500题（白金版）,于雷,80人点评,71.30%,2013年1月,逻辑思维能力强一般被认为是智商高的表现。逻辑思维能力的高低一般可以从计算力、沟通力、创造力、思维力、逻辑力、记忆力、观察力等几个方面考察。《逻辑思维训练500题(白金版)》就从这几个方面汇编了500个经典、有趣的逻辑思维训练游戏。这些题目纵横古今，包罗万象，蕴含着文化的力量，闪烁着智慧的光芒。每道训练题都极具代表性、独创性和趣味性，内容丰富，难易有度，极具智慧性，可以训练大脑思维的逻辑性，让我们养成用逻辑思维去思考问题的习惯，使我们在工作、学习甚至是为人处世上得到突破和提高。
逻辑十九讲,威廉姆・沃克・阿特金森,433人点评,63.40%,2018年12月,《逻辑十九讲》是美国著名思想家、作家、“新思想运动”之父威廉姆・沃克・阿特金森针对大众读者所撰写的一本逻辑学通俗入门读物。《逻辑十九讲》一书从逻辑学最浅显的概念入手，用通俗和生活化的语言，系统、简洁地阐述了逻辑学最基本的原则与思维方式。其中诸如推理、归纳、因果关系、真假命题、是非条件等专业术语，作者都进行了通俗易懂的解释，旨在让读者明白逻辑对于日常生活及普通思维、行为方面的价值和意义，并掌握简单的逻辑思维能力和推理能力，以扩展、提高读者的认识面和认知能力。
逻辑思维的30个技巧,HRInstitute,530人点评,70.00%,2016年10月,本书阐述了“逻辑思维”的概念，构建了逻辑的金字塔方式，介绍了“逻辑思维”的关键方法，框架性思考、清零思考的技巧，以及“逻辑思维”的基本工具――逻辑树、矩阵、价值链。全书总结了30条关键实用经验，分享给初入职场的新人，以期有效提升其商务基础能力。本书读者对象为大学生、职场白领。
逻辑思维与诡辩,张晓芒,295人点评,55.60%,2019年4月,诡辩是现实生活中人人都会碰到的事情，如何认识诡辩手法、掌握破斥诡辩的方法，是现代人实现有效沟通的技能。《逻辑思维与诡辩》在强调逻辑本身的逻辑标准的同时，也力求探询逻辑的伦理标准。即正常有效的人际沟通如何在必须符合逻辑思维规则和规律的同时，也必须要符合沟通交际的伦理规范；在体味如何认识、破斥诡辩的方法论意义的同时，也要追寻逻辑之“法的意识”下的人文价值。
资本论（纪念版）全三卷,马克思,179人点评,95.40%,2018年3月,《资本论》是马克思理论的集大成之作，也是一部划时代的巨著。它在马克思主义理论体系中，一直居于中心的位置。可以说，《资本论》始终代表着马克思主义理论的一座“高峰”；也正是在《资本论》中，马克思的唯物主义历史观得到了系统、成熟的展现。今天，《资本论》依然是矗立在人类文明发展史上的一座里程碑，它以其恢弘的气势、缜密的逻辑、科学的论断，照耀着当前时代前进的道路。2018年是具有特殊意义的一年：党的十九大宣告我们进入了一个新时代、站在了一个新的历史方位上。同时，2018年5月5日又是马克思诞辰200周年纪念日，它标志着马克思主义这一思潮，正以习近平新时代中国特色社会主义思想这一全新的形态，继续砥砺前行，带着中华民族伟大复兴的未来图景。正是在这一新形势下，我们在系统总结以往的编译经验、全面考察以往版本的基础上，吸收理论界的宝贵建议，隆重推出《资本论》纪念版。我们相信，此纪念版不仅能充分反映马克思主义经典著作在当前时代的新成果，而且其所体现出的马克思主义立场、观点和立场，尤其是对社会矛盾的深刻把握，对于中国特色社会主义已经进入新时代这一关键时期具有重大意义。
资本论（超值白金版）,马克思,4635人点评,81.10%,2010年5月,这是马克思花费40年的光阴，用毕生的心血写成的一部著作，它既是政治经济学的光辉巨著，也是马克思主义的百科全书。这部巨著第一次深刻地分析了资本主义的全部发展过程，阐述了资本主义商品生产、流通和分配的基本理论，揭示了经济发展的客观规律，具有划时代的历史意义。
辩证唯物主义历史唯物主义,艾思奇,296人点评,84.80%,"233,802",《辩证唯物主义历史唯物主义》是艾思奇同志主编的一部介绍马克思主义哲学的丛书，出版于1961年。这个著作既是开创性的又是基础性的哲学教科书，是马克思主义哲学中国化现实化的精品和典范。
大众哲学,艾思奇,394人点评,80.10%,2019年4月,《大众哲学》是艾思奇20世纪30年代为通俗宣传马克思主义哲学而写的优秀著作。作者以通俗浅易的语言，生动的案例，对哲学与日常生活的关系，什么是哲学，唯心论、二元论和唯物论，辩证唯物论的认识论，唯物辩证法的基本规律及主要范畴等问题进行了全面系统的介绍阐释。写法推陈出新，开时代之风气，使哲学与日常生活相结合，贴近普通民众。本书自出版以来影响和教育了几代人，至今仍有其理论和现实的价值。
西方马克思主义概论,衣俊卿,190人点评,92.00%,2017年12月,这是一本从“最好”的层面，全面提升中层精神境界和核心素质、以打造单位“栋梁团队”的书。本书从三个单元，来全面探究一流中层的成长之路：中层精神境界-“最好的中层怎么想”、中层核心能力建设--“最好的中层怎样做”，从优秀到更优秀--“最好的中层怎样超越”。因此比起一般中层训练的书，更能掌握一流中层的核心智慧。
1844年经济学―哲学手稿,马克思,27人点评,95.20%,2021年3月,《1844年经济学―哲学手稿》是马克思的一部未完成的独立著作。它代表着马克思主义的三个基本组成部分形成过程中的一个阶段。特别是把异化问题跟政治经济学的研究结合起来，是马克思思想发展上的一次飞跃。因此，尽管《1844年经济学―哲学手稿》不是一部完整的著作，它却是马克思的很好作品之一。马克思在《1844年经济学―哲学手稿》中所阐发的思想，不仅直接为《神圣家族》和《德意志意识形态》，而且也在某种意义上为《资本论》做了理论上的准备。
马克思主义辩证法理论研究（马克思主义基础理论研究丛书）,孙正聿,66人点评,80.30%,2012年12月,本书立足当代辩证法研究的前沿理论，在深入发掘、分析马克思主义哲学经典文献的基础上，系统阐述了马克思主义经典作家的辩证法，如马克思的“批判本质”的辩证法、恩格斯的“理论思维”的辩证法、列宁的”三者一致”的辩证法。同时对马克思主义辩证法的理论遗产、实践基础、批判本性、当代课题等重要内容进行了全方位的探讨，凸显了马克思主义辩证法的理论魅力，对于掌握马克思主义辩证法的精髓和实质、深化马克思主义辩证法研究具有重要的理论价值。
资本论（套装共3册）,马克思,55人点评,79.70%,2013年4月,《资本论1-3(套装共3卷)》是马克思倾其毕生心血写成的一部科学著作。它被奉为工人阶级革命的“圣经”，是一部融哲学、政治经济学、科学社会主义为一体，博大精深的马克思主义百科全书，是人类思想史上不配的理论丰碑。它揭示了现代社会的经济运动规律，对于我们认识资本主义经济和研究社会主义经济提供了基本原理。
哲学与生活,艾思奇,139人点评,82.20%,2018年12月,《哲学与生活》是艾思奇的一部通俗哲学经典，开哲学大众化之一代风气。该书主要收录了艾思奇在上海《读书生活》杂志担任编辑时，为回答读者提问所发表的文章，旨在用通俗的语言宣传马克思主义哲学。在这些文章中他从“生活”入手，力图从丰富多彩的生活实践中，提炼出抽象的哲学道理，同时，又用这些道理来指导现实的生活，从而让人们树立牢固的马克思主义哲学世界观。
大众哲学,艾思奇,124人点评,89.20%,2018年12月,《大众哲学》是艾思奇在20世纪30年代为通俗宣传马克思主义哲学而写的著作。全书从什么是哲学，唯心论、二元论和唯物论，辩证唯物论的认识论，唯物辩证法的基本规律及唯物辩证法的范畴五个方面对哲学思想进行了全面而系统地介绍和阐释。该书自出版以来，一版再版，书中的观点不仅在当时成为人们学习马克思主义哲学的启蒙，而且至今仍然具有其理论和现实的意义。本书特色就是将深刻的哲学观点寓于浅显生动的事例之中，读者可以透过这些事例，发现看似高高在上的哲学思想，其实在人们的日常生活中随处可见。其内容的通俗易懂开通俗哲学写作之一代风气。
唯物主义和经验批判主义,列宁,55人点评,93.50%,2015年12月,《唯物主义和经验批判主义》是列宁批判唯心主义哲学思潮、捍卫和发展马克思主义科学世界观的重要哲学专著。
文化自信中的传统与当代,陈先达,37人点评,83.00%,2017年8月,文化是当今哲学关注的热点，文化问题是重大的理论和实践问题。《文化自信中的传统与当代》以历史唯物主义为理论出发点，从宏观、中观、微观三个层面对文化及其基本问题、历史唯物主义与中国道路、中国传统文化的当代价值、马克思主义与中国传统文化的关系以及知识分子的社会责任等问题进行了深入的阐述，熔文史哲于一炉，富有哲学的崇高、史学的深邃和文学的优美，对于提高民族文化自信、巩固马克思主义在意识形态领域的指导地位、实现中国传统文化的创新发展具有重要意义。
《家庭、私有制和国家的起源》导读,荣鑫 刘志洪编著,390人点评,87.80%,2017年1月,《<家庭私有制和国家的起源>导读》共三章，分别为“《家庭私有制和国家的起源》的写作原因”、“《家庭私有制和国家的起源》的主要内容”、“《家庭私有制和国家的起源》发表的重大意义”。《<家庭私有制和国家的起源>导读》以《家庭私有制和国家的起源》写作背景和内容结构为切入点，引领读者对《家庭私有制和国家的起源》这部马克思主义经典著作进行研读，利于广大党员干部和青年学生深入理解和掌握马克思主义的原理，也有助于理解现代资本主义社会制度缺陷和社会主义制度的优越性所在。
20世纪马克思主义发展史（第一卷）：20世纪马克思主义发展史概论（马克思主义研究论库・第二辑；国家出版基金项目）,北京大学马克思主义学院 组编 顾海良 编著,7人点评,评分不足%,2020年4月,本卷作为《20世纪马克思主义发展史》九卷本的“序卷”，主要对马克思、恩格斯创立和发展马克思主义的主要过程和基本思想做出概述，阐明了20世纪马克思主义发展史研究的理论前提和基础；对恩格斯晚年在马克思主义发展史研究上的开创性贡献做出探索，阐明了马克思主义发展史研究的学术依循和思想指导；对20世纪马克思主义历史过程及主题做出概述，在20世纪的“历史范围”内阐明了马克思主义发展的历史逻辑、实践逻辑和理论逻辑；从马克思主义中国化的根本原则、过程特征及其理论视域上，对马克思主义理论特征在20世纪的升华做出阐释。同时，本卷对国内外学者从不同视角研究和阐发20世纪马克思主义发展史的主要理论见解和学术观点做出评述，以提供有益的学术资源；对《20世纪马克思主义发展史》九卷本的结构与分卷内容做出概述，从整体上对《20世纪马克思主义发展史》第二卷至第九卷的结构和各卷主题做出阐释。
资本论（上）,马克思,23人点评,85.70%,2013年4月,《资本论1-3(套装共3卷)》是马克思倾其毕生心血写成的一部科学著作。它被奉为工人阶级革命的“圣经”，是一部融哲学、政治经济学、科学社会主义为一体，博大精深的马克思主义百科全书，是人类思想史上不配的理论丰碑。它揭示了现代社会的经济运动规律，对于我们认识资本主义经济和研究社会主义经济提供了基本原理。本册是上册。
《黑格尔法哲学批判》导读,何历宇编著,86人点评,83.50%,2017年1月,本书主要对《黑格尔法哲学批判》一书进行导读。书稿首先提纲挈领地描述了《黑格尔法哲学批判》的写作背景、书的结构、基本特点与出版情况，然后解析了《黑格尔法哲学批判》的主要思想。书稿主要从三个方面对《黑格尔法哲学批判》的思想进行了分析：首先是对黑格尔思辨的理性国家观与王权理论的批判，其次是对黑格尔行政权理论的批判，再次是对黑格尔立法权理论的批判。最后就《黑格尔法哲学批判》的历史地位与现实意义进行了评述。
大众哲学,艾思奇,32人点评,77.40%,2022年1月,本书是艾思奇在20世纪30年代为通俗宣传马克思主义哲学而写的优秀著作。作者以简洁晓畅的语言和文笔，浅显的事例，娓娓道来，对什么是哲学、唯心论、二元论和唯物论，哲学与日常生活的关系，辩证唯物论的认识论，唯物辩证法的基本规律及唯物辩证法的主要范畴等，逐一进行了系统的介绍和阐明，其写作方法新颖，内容通俗易懂，开通俗哲学写作之一代风气，自出版以来，一版再版，在历史上产生过很大的影响，可以说其影响和教育了几代人，至今仍有其理论和现实的价值。
资本论（纪念版）第一卷,马克思,19人点评,评分不足%,2018年3月,《资本论》是马克思理论的集大成之作，也是一部划时代的巨著。它在马克思主义理论体系中，一直居于中心的位置。可以说，《资本论》始终代表着马克思主义理论的一座“高峰”；也正是在《资本论》中，马克思的唯物主义历史观得到了系统、成熟的展现。今天，《资本论》依然是矗立在人类文明发展史上的一座里程碑，它以其恢弘的气势、缜密的逻辑、科学的论断，照耀着当前时代前进的道路。2018年是具有特殊意义的一年：党的十九大宣告我们进入了一个新时代、站在了一个新的历史方位上。同时，2018年5月5日又是马克思诞辰200周年纪念日，它标志着马克思主义这一思潮，正以习近平新时代中国特色社会主义思想这一全新的形态，继续砥砺前行，带着中华民族伟大复兴的未来图景。正是在这一新形势下，我们在系统总结以往的编译经验、全面考察以往版本的基础上，吸收理论界的宝贵建议，隆重推出《资本论》纪念版。我们相信，此纪念版不仅能充分反映马克思主义经典著作在当前时代的新成果，而且其所体现出的马克思主义立场、观点和立场，尤其是对社会矛盾的深刻把握，对于中国特色社会主义已经进入新时代这一关键时期具有重大意义。
保卫马克思,阿尔都塞,102人点评,86.10%,2016年12月,本书是法国著名哲学家阿尔都塞的一部重要哲学著作。收录了他对于马克思主义理论所写的数篇重要论文。主要包括费尔巴哈的 哲学宣言 、论青年马克思、矛盾与多元决定、关于唯物辩证法、马克思主义和人道主义等；是二十世纪后半叶西方马克思主义文本中最重要的经典之一。
毛泽东哲学思想史（马克思主义名家文库）,庄福龄 杨瑞森 余品华,3人点评,评分不足%,2011年5月,本书以毛泽东哲学思想的形成与发展脉络为核心，深入系统地论述了毛泽东哲学思想的基本理论特征，毛泽东哲学思想产生的社会历史条件，毛泽东哲学思想科学体系的形成、丰富和发展，并结合我国社会主义建设实际，探讨改革理论和实践。
美学散步,宗白华,973人点评,84.50%,2016年3月,宗白华先生一生著述不多，而《美学散步》则几乎汇集了其一生最精要的美学篇章，也是先生生前的一部美学著作。初版于1981年，此次重版，除新增若干照片、校正部分错字外，基本保持原貌。对于这样一位源生于传统文化、洋溢着艺术灵性和诗情、深得中国美学精魂的大师以及他散步时低低的脚步声，在日益强大的现代化的机器轰鸣声中，也许再也难以再现了。然而，如何在愈益紧张的异化世界里，保持住人间的诗意和生命的憧憬，不正是现代人所要关注的一个世界性问题吗？而《美学散步》正好能给我们以这方面的启迪。
谈美,朱光潜,508人点评,93.10%,2016年7月,《谈美》是朱光潜先生为青年写的一本美学入门书。本书采用书信体的形式，从“要求人生净化，先要求人生美化”的理念出发，顺着美感态度的特性、艺术与人生的距离、美感经验与移情的关系、美感与快感、自然美与艺术美等问题次第展开，文字明白晓畅，充满了真知灼见，指引读者一条认识美学的“简捷不绕弯的道路”，自问世以来深受好评，被视为学术性与普及性兼备的经典之作。
西方美学史,朱光潜,117人点评,91.80%,2020年10月,《西方美学史》是朱光潜最重要的一部著作，也是中国学者撰写的第一部美学史著作，具有开创性的学术价值，代表了中国研究西方美学思想的水平。 全书由序论和三个部分组成，第一部分，古希腊罗马时期到文艺复兴，第二部分，17、18世纪和启蒙运动；第三部分，18世纪末到20世纪初，最后对全书四个关键性美学问题专题研究。对该书的主要流派中主要代表的选择是根据代表性较大，影响较深远，公认为经典性权威，可说明历史发展线索，有积极意义因而足资借鉴的。而在具体评述每一位美学家时，先介绍总的时代背景和思想渊源，再分析和评价其具体美学观点，总结其得失。
美学原理,叶朗,532人点评,86.10%,2009年4月,这是一本全面、系统地讲述美学基本原理和基础知识的教科书，同时也是一本研究美学理论核心区的前沿课题的学术著作。这本书是作者将近五十年的美学研究成果的一个概括和总结。本书继承北京大学蔡元培、朱光潜、宗白华的美学传统，立足于中国文化，以“意象”和“体验”为核心，力图融会中西美学的精华，回应21世纪时代的呼唤，最后归结到提升人生境界。作者在书中注重视野的开阔，注重思想的深度和原创性，同时又注重材料的丰富和趣味性，追求文字的清晰、简洁和诗意。本书不仅适合作为大学生和文化界、艺术界、教育界朋友们的读物，同时也适合作为各行各业对美学有兴趣的朋友们的读物。读这本书可以获得理论的提升，人生的启示，同时又可以获得情趣的熏陶，审美的享受。
悲剧的诞生：尼采美学文选,尼采,252人点评,83.80%,2017年8月,尼采是德国著名哲学家、诗人。他的美学不在于学理的探讨，而在以美学解决人生的根本问题，提倡一种审美的人生态度，实际上是一种人生哲学。周国平翻译的《尼采美学文选》对尼采美学思想做了系统的整理和汇编，并加入他自己的概括性、研究性文章《哲人尼采剪影》、《尼采美学概要》和《尼采美学导论》。由于篇幅较大，分做两本书出版。《悲剧的诞生：尼采美学文选》收入1872年至1880年的著述，大致相当于其思想发展的早中期。《瓦格纳事件：尼采美学文选》收入1881年至1889年的著述，大致相当于其思想发展的后期。
美学（第一卷）（汉译世界学术名著丛书）,黑格尔,129人点评,89.60%,1997年2月,这些演讲是讨论美学的；它的对象就是广大的美的领域，说得更精确一点，它的范围就是艺术，或则毋宁说，就是美的艺术。
美在意象,叶朗,228人点评,88.50%,2013年8月,该书是国内著名美学大家叶朗集五年时间写成的美学著作。它既有教材的体例，同时又达到了目前国内对美学基本问题所能达到的理论深度。在将其作为教材《美学原理》出版的同时，也将其作为学术专著进行出版。该书涉及了美学的基本问题：美的本质，美感的分析，自然美，社会美，艺术美，科学与技术之美，中西美学基本范畴，审美与人生，等等。该书是北京大学美学传统的延续和发展，代表了国内目前美学理论总体上的最高成就。
西方美学史,朱光潜,60人点评,86.20%,2021年11月,朱光潜先生的《西方美学史》。是中国学者撰写的第一部系统阐述西方美学思想发展的专著，梳理了从古希腊罗马、中世纪、文艺复兴，到现代欧美，包括苏俄的美学思想。全书结构清晰，融会贯通，深湛的西学修养中透出东方的灵性。这部著作对我国的美学研究具有开创性意义，也是深受欢迎的高校人文通识教材。
柏拉图文艺对话集,柏拉图,104人点评,91.90%,2020年10月,《柏拉图文艺对话集》由美学家朱光潜辑选、翻译，收录古希腊先哲柏拉图的文艺思想名篇，追溯西方美学思想源头，以深入浅出的经典对话体和精准、晓畅的译文，呈现出文艺灵感说、文艺与现实世界的关系，以及文艺的社会功用等柏拉图思想精要。柏拉图以真、诚、美入手文艺理论，代表古希腊文艺思想的高峰。本书既展现哲学家鲜活的思想进程，又层层深入引出结论，启发古往今来的读者思考，是一部门槛不高却意味深长的美学经典。
美学漫步,宗白华,38人点评,73.60%,2019年8月,宗白华先生是中国现代美学的先行者和开拓者，被誉为“融贯中西艺术理论的一代美学大师”。《美学漫步》汇集了其一生最精要的美学篇章，分为美与人生、美与艺术、美与传统三个部分。全书文辞典雅，将中华传统文化的独特魅力娓娓道来，充满鲜活的生命力；每一位为俗务烦扰的现代读者，每一个渴望自由宁静的现代心灵，都能从中充分感受到中国文化中的美与诗意
宋：风雅美学的十个侧面,邓小南等,196人点评,82.70%,2021年1月,宋代是中国历具有人文精神、有教养、有思想的朝代之一，有些历史学家将之比作中国的文艺复兴。它结束了残唐五代乱局，使中华大一统的主体文脉得以延续，又在诸多领域独具开创性，深远影响到元明清乃至近代中国文化的基本面貌。陈寅恪先生所谓“华夏民族之文化，历数千载之演进，造极于赵宋之世”。宋代士人集体展现出“文以载道”“先天下之忧而忧，后天下之乐而乐”的气魄与人格，重新划定了个人与天地自然、家国人伦的关系，为儒家理想的生活方式找到了道理和依据。他们看重内在自我人格的实现，又兼具书法、绘画、诗词等多方面修养，呈现出文雅、洒脱、有趣的人生。其“士气”通过抚琴、调香、赏花、观画、饮酒、烹茶等活动化入民俗，贡献了一系列雅致的生活范式，风尚所及，上至皇家宫廷，下至巷陌百姓，成为后世追慕的审美典范。三联书店邀请邓小南、杨立华、王连起、朱青生、康震、廖宝秀、扬之水、郑培凯、叶放、余辉十位重量级专家学者，以文化和审美为经纬，分别从国势、理学、书法、宋画、宋词、宋瓷、名物、茶事、雅集十个侧面，编织宋代文人的生活美学指南，立体呈现宋人丰富的精神世界，以及千年不坠的艺术传统。全书四色印刷，选配近三百幅精美高清图片，充分展示宋代文物的质地和细节，可供鉴赏与收藏。
美学（2019年版）,朱立元,184人点评,83.20%,2019年6月,本书是高等教育自学考试汉语言文学专业指定教材，也可以作为普通高等学校相关专业美学课程的教材。本书以马克思的实践存在论思想为哲学基础，以审美活动为出发点和主要研究对象，以实践是人存在的基本方式，审美活动是一种基本的人生实践为主旨，主要内容包括审美活动论、审美形态论、审美经验论、艺术论、审美教育论这几部分内容。本书以马克思主义实践论为基础，适当吸收当代西方存在论(现象学)思想的合理因素，尝试建构有时代特色的实践存在论美学理论，以发展我国的实践美学理论，使之更好地与中国古典美学思想有机地结合，成为21世纪具有生命力的一种美学理论。
审美教育书简,席勒,44人点评,90.90%,2022年1月,席勒作为18世纪德国著名的思想家、诗人、剧作家，不满于当时社会腐化堕落的状况，又看到法国大革命所带来的问题，在此基础上提出了自己的美育思想，试图以美育造就个人身心和谐与理性提升，最后实现社会改良。《审美教育书简》是他写给奥古斯滕堡公爵的书信集合，共二十七封信，集中阐释了他的美学思想。席勒分析当时的社会是上层腐朽，下层粗野，那个时代的人是分裂的，而古希腊人则是完整的人。他指出，人被感性冲动和理性冲动所支配。要想让这两种冲动得以结合，需要架起审美教育的桥梁，让艺术充当使人恢复健康、具有美的心灵和人性的教师。
黄与蓝的交响：中西美学比较论,邓晓芒 易中天,42人点评,82.60%,2019年1月,编辑推荐：★  哲学家邓晓芒、学者易中天唯―合著作品★  中国人了解东西方美学史的入门书 ★  追本溯源，展现东西方美学发展脉络；★  美学即人学，解开美学的终极秘密。 如果西方人在对美的本质的探寻中已逐渐失去了耐心和兴趣，那么在这一领域尚处于起步阶段的现代中国人将越来越感到，美的本质问题乃是真正美学的基石，舍此则没有理论上的完整性，也没有理论形态的美学。――邓晓芒 与西方美学往往跳过感性的审美经验而直接上升到理性和哲学思辨不同，中国传统美学倒是更加重感受、重情感、重体验……中国美学的一切秘密，只有从人以及对人的理解入手，才有可能揭开。――易中天 ★  有人说，邓晓芒是“中国的尼采”。易中天是“中国的希罗多德”。两人是大学同学，据说在念书的时候，邓晓芒写下一个美学提纲，当时所有人都不理解，只有易中天一个人懂得。过了很多年，这个提纲就变成了《黄与蓝的交响》，它也是邓、易两位当代大师开创《新实践美学》的大变革的里程碑。 ★  邓晓芒、易中天，当代大众文化的风向标。自从易中天从《百家讲坛》走入大众视野，其对大众文化的影响力非常惊人，作品销售十年经久不衰。本书中第五章的地方，易中天研究“人的问题”，才有了后来风靡全国的“汉代风云人物”和“品三国”。  而邓晓芒作为哲学家、哲学教师在当代大学生中有很高的人气，讲座场场爆满，场场窗外都挤满了听众。而他的很多杰出作品未被大家所熟知。 ★  优美的文字说美学。书中仅用短短几万字，呈现了中西美学2000年的全貌，理出两条越走越近的清晰道路，jue非各家观点的机械、晦涩罗列，新奇、易懂、充满美感。 ★  可遍览美学经典。本书甚至有对马克思《巴黎手稿》zui深入的解读。作者介绍： 邓晓芒，1948年生，湖南长沙人，中国著名哲学家、美学家和批评家，现为华中科技大学哲学系教授、德国哲学研究中心主任，中华全国外国哲学史学会常务理事。邓晓芒长期从事西方哲学特别是德国古典哲学的研究和翻译，是国内di一位从德文原文翻译康德的学者，他的哲学著作及美学著作在当代学界和思想界有着特别广泛的影响力。易中天，1947年2月8日出生于湖南长沙，1981年毕业于武汉大学中文系中国古代文学专业，获文学硕士学位并留校任教。中国知名作家、学者、教育家。后任厦门大学人文学院中文系教授，著有《美学思想论稿》《艺术人类学》等著作。内容简介： 本书从东西方不同的文化背景出发，对东西方文化中的美学、哲学、文学、艺术等方面进行比较，勾勒出一条极为清晰的、逻辑和历史相一致的东西方美学发展脉络，显示出东西方美学不同的内在精神特质，并指出东西方美学思想在当代相互靠拢、融合的发展趋势。就此提出鲜明的美学观点：美学是人学，解开美学的终极秘密，归根结底是探索人的本质。
中国美学通史1：先秦卷,孙焘,65人点评,87.70%,2014年4月,本书是叶朗主持的教育部人文社科重大研究项目《中国美学通史》的第一卷即先秦卷。本书是中国美学通史先秦卷的内容。本卷论述了中国美学起源时期先秦时期美学发展的历史。先秦史是中国文化的起源时期，作者以先秦历史发展为宏观背景，梳理美学基本内容、观点及其发展的脉络和特征，主要是梳理诸子各家的美学思想，重点讨论各家对于美学问题的观点，以及这些这些美学思想与该思想系统中的其他部分之间的关系系。在写法上，以思想家（著作）为划分章节的依据，以美学问题为辅线，探究各家对相同或相似问题的不同角度的思考。
无言之美,朱光潜,395人点评,89.00%,2013年1月,现在的问题是，什么东西可以更好地引起我们的审美经验呢？在朱先生看来，毫无疑问这就是艺术作品。的确，艺术作品这种特别的事物也可以被看成其他的样子，比如，在收藏商眼中是财富，在搬运工眼中是重物，在匆匆忙忙、大声喧哗的美国游客眼中是到此一游的标志。但是，同其他事物相比，艺术作品这种特别的事物倾向于被看成美的形象，它主动吁请人们把它看成形象，伟大的艺术作品的强烈感染力甚至强迫人们将它看成形象。这并不表明艺术作品本身就是艺术或美，但艺术作品最容易成为艺术和美，这就是朱光潜美学系统中的艺术作品同一般物的区别。
美的救赎,韩炳哲,316人点评,67.40%,2019年10月,美如今正处于一种矛盾的处境。 一方面，它如通货膨胀般蔓延四溢：到处都可以感受到人们对美的狂热崇拜。另一方面，美失去了一切超越性，屈服于消费的内在性：它塑造了资本的美学的一面。美以及崇高或震动所带来的对消极性的体验，完全被纯粹的快乐即点赞所取代。美最终被色情化。 本书既为我们展示了那些以真理、灾难或诱惑表现出来的美的形式，也阐明了那些建立美的伦理或政治的美的维度。 阅读韩炳哲的书，意味着不断地被鞭策唤醒。……他的社会批判虽然不谙体恤之情，然而韩炳哲仍然热情地拥抱自己所处的这个时代。 ――《周刊》
谈美书简,朱光潜,372人点评,72.30%,2018年2月,《谈美书简》是朱光潜在82岁高龄的情况下写就的“暮年心血”之作，它既是对自己漫长美学生涯和美学思想的一次回顾和整理，也是对青年们有关美学方面问题的一个回复。本书中，朱光潜先生就青年朋友们普遍关心的美和美感、美的规律、美的范畴等一系列问题进行了深入探讨，同时也对文学的审美特征、文学的创作规律及特点做了详尽的阐释，是初涉美学者学习美学知识的重要参考书籍。
美学思考力：创造经典的构图法则,Sun Ⅰ视觉设计编著,160人点评,75.60%,2013年7月,什么样的作品才能称得上是优秀的作品？什么样的作品能成为经久不衰的名作？这些问题或许是许多欣赏名作的观者都会产生的疑问。名作之所以脍炙人口，自然有它的过人之处，而在本书中，从构图的角度对名作进行了详细的介绍，通过分析作品中的构图特征，挖掘大师笔下出色的构图手法，帮助我们提升版面的组织能力，以及增长自身技能和艺术涵养。在灿若星辰的艺术大师笔下，每幅作品在构图上都具有各自迥异的特征，本书借鉴了西方绘画艺术上众多优秀的名家名作，在欣赏画作的同时，为读者揭开大师作品中精辟的构图法则。
真水无香,朱良志,106人点评,90.00%,2009年8月,《真水无香》讲述了：散步是自由自在、无拘无束的行动，它的弱点是没有计划，没有系统。看重逻辑统一性的人会轻视它，讨厌它，但是西方建立逻辑学的大师亚里士多德的学派却唤做“散步学派”，可见散步和逻辑并不是绝对不相容的。中国古代一位影响不小的哲学家――庄子，他好像整天是在山野里散步，观看着鹏鸟、小虫、蝴蝶、游鱼，又在人间世里凝视一些奇形怪状的人：驼背、跛脚、四肢不全、心灵不正常的人，很像意大利文艺复兴时大天才达・芬奇在米兰街头散步时速写下来的一些“戏画”，现在竟成为“画院的奇葩”。庄子文章里所写的那些奇特人物大概就是后来唐、宋画家画罗汉时心目中的范本。散步的时候可以偶尔在路旁折到一枝鲜花，也可以在路上拾起别人弃之不顾而自己感到兴趣的燕石。 无论鲜花或燕石，不必珍视，也不必丢掉，放在桌上可以做散步后的回念。
强者思维,陈宇,531人点评,75.00%,2023年10月,什么是“强者思维”？所谓强者思维，并非让我们用“努力”去对抗这个世界，而是发现并且遵循这个世界的客观规律，顺应趋势，借势而起。   本书引导读者不断逼近问题的本质，清醒地解决所有问题： 如何应对焦虑和痛苦，活得更通透；如何读懂人心，洞悉人性；如何理解财富的真相，用强大的思维能力实现轻松变现…… 重塑底层思维模式，拥有更强大的人生。
结构化思维,黎甜,1804人点评,72.20%,2019年12月,学会结构化思维，让人生从此提效。《结构化思维》可以帮助我们在陈述问题、表达核心观点的时候，能少说废话，将复杂问题简单化，清晰准确地表达观点，建构条理清晰的思考模式。学会有结构、有规律地整理复杂信息，让人生从此提效。拯救无效努力，成为你想成为的自己。有些人看起来很努力，但是却不出成果。高效的思考力并非天生，而是长期自我训练的结果。系统化的思维方式，让深陷思维泥沼的人走出思维误区，达到事半功倍的效果。全书干货满满，是一本比较实用的思维进阶实修课。万事万物，皆有结构，皆成框架，皆成系统。本书在搭建结构化思维关键方法的基础上，介绍了八种升级版的思维结构，具体方法配合落地训练，每个人都能从中找到适合自己的思维模式。
为自己思考:终身成长的底层逻辑,奥赞・瓦罗尔,78人点评,77.00%,2023年10月,★ 宝藏潜力作家新作！前作《像火箭科学家一样思考》入选2021年度得到年度书单 ★ 英文版上市第一周，登顶美国亚马逊新书畅销榜首位 ★ 被评为《华尔街日报》畅销书  ★写给那些“想要醒来”的人，在信息茧房中掌握独立思考的底层逻辑和方法。   生活中，我们经常会面临像《黑客帝国》红蓝药丸一样的选择题。当你在被他人规划的生活中逐渐麻木，就像活在《黑客帝国》中的虚拟世界，失去自我，失去独立思考能力。但你实在受够了，你迫切想要挣脱现状，那你就需要这本书。迈入未知需要勇气，但不要害怕，本书正是为了帮助你从麻木中醒来，挖掘内在的天赋而存在的。 本书将替代那颗“红色药丸”，帮你打破思维囚室，唤醒你的潜在天赋，成为真正的自己。拒绝随波逐流，真理只存在于你的内心。（文末附赠导读手册）。
好好思考,成甲,3136人点评,80.50%,2019年10月,全面解析查理・芒格思维模型，打破学科思考界限，拓展思维模式的格局和边界，写给终身学习自我超越的你。本书试图回答这样一个问题：如果说太阳底下没有新鲜事，那么最高效的学习方法是什么？与人们通常认为的学习的关键是努力掌握更多的知识不同，作者认为如果我们能够看到事物之间的相似性，那么我们只需要学习各学科最杰出的思想，去抓最关键的要害，就可以解决绝大多数的问题。因此，作者把学习知识的基本单位定义为“思维模型”。思维模型有四个层次：经验技巧型、方法流程型、学科原理型、哲学视角型。查理・芒格所说的掌握“重要学科的重要原理”，即为本书中定义的“学科原理型”思维模型。那我们如何从思维模型入手，构建一个全新的学习思考体系，进而练就超强学习力？作者将结合自己10多年的研究经验，从基本原理、搭建知识体系、演示实战方法等多个角度系统讲解论述。思考让我们看见不同。
有限与无限的游戏：一个哲学家眼中的竞技世界,James P. Carse,1654人点评,82.80%,2019年5月,在这本书中，卡斯向我们展示了生活中两种类型的「游戏」：「有限的游戏」和「无限的游戏」。有限的游戏，其目的在于赢得胜利；无限的游戏，却旨在让游戏永远进行下去。有限的游戏在边界内玩，无限的游戏玩的就是边界。有限的游戏具有一个确定的开始和结束，拥有特定的赢家，规则的存在就是为了保证游戏会结束。无限的游戏主张「为了游戏而游戏」，在这里，规则要保证游戏的无限性，所以规则是可变的。最恰当的例子也许就是「人生」。
思维模型,加布里埃尔・温伯格  劳伦・麦肯,287人点评,74.40%,2022年3月,帮你理解200多个重要的跨学科思维模型！ 思维模型有很多种，每个学科也有其独特的思维模型。本书中温伯格和麦肯从多种学科中选择了200多个实用的思维模型，并通过饶有趣味的相关例子对其进行了分析。不过，要提升日常决策、解决问题和寻求真理的能力，你只需要掌握其中的少量模型。本书内容通俗易懂，是提升思维能力的实用指南，适合每一个渴望提升思维能力的人。
心智觉醒：我不介意会发生什么,艾菲,34人点评,87.60%,2023年9月,打破三大“封印” 活出蓬勃人生   你是否也有过感觉被卡住的时候： 也许是不太顺利的职场生涯，让你想去更多地自我实现？ 也许是阴霾笼罩的原生家庭，让你很想摆脱父母的束缚？ 也许是不堪回首的情感经历，让你渴望彻底走出？ 也许是令人纠结的两难选择，让你无法如愿前行？  在这样的环境里，人的心智也会亦步亦趋。如果环境是狭隘的、低阶的、固执的、黑暗的、痛苦的，那么人的心智也会在不知不觉间发生与之类似的变化。 而当一个人不只被环境禁锢，还被自己的心智禁锢时，他就会成为真正的“囚徒”。怎么办？唯有心智觉醒，提升、拓展、延伸心智的维度，方能破局。  人生破局的底层逻辑是什么？ 如何活出自己真正想要的状态？ 要从何入手，才能落实到当下？ 本书融合东西方哲学、心理学、教练的科学、神经语言程序学、成人发展理论、天赋优势理论等各个学科的理论和方法论，助你从高度、广度和长度三个维度实现心智升维。  在高度篇中，通过对心智层级的提升，我们将轻松化解人类本能的限制、无法避免的痛苦、两难的选择、持续的内耗；在广度篇中，通过打破内化的“咒语”、思维的边界、游戏的规则这三大“封印”，通过在五个方面从低阶向高阶心智模式的进化，走出因束缚和狭隘带来的痛苦、烦恼、焦虑和纠结；在长度篇里，通过在更长的时间维度上进行思考与感悟，我们会理解“先窄后宽”的人生最优策略，并最终活出通透、豁达、自在的人生境界。  唯有运用高维心智，才能解决低维问题。 祝你也能活出蓬勃自由的人生！自在，惬意，笃定。
批判性思维（原书第12版）,布鲁克・诺埃尔・摩尔 理查德・帕克,362人点评,79.00%,2020年9月,本书第12版问世了，我们依然不忘初心：帮助训练学生的批判性思维、做出更好的决策，也让从事批判性思维教学的老师更得心应手地使用本书。为更好地实现我们的初愿，欢迎师生们联系我们，提出你们的宝贵意见。一如既往，新版更新了例子，其中的人物和事件都是学生更熟知的。正如我们之前提到过的，对老师而言新近发生的事件，对于刚入校的大学生来说可能已然是模糊的历史。本书的其他变动分述如下。章节具体变化：第1章全面介绍了我们的批判性思维观，较之前更深入地探讨了影响思维的认知偏见。第2章中修改了一节：最佳解释推理。第3章较为精简，但对模糊与抽象有充分探讨，对定义的种类也有更新阐述。第4章有例行修订并增加了一部分内容：来自社交媒体的新闻。第5章更新了图片，在“暗示”一节中增添了“意味深长地提及”这个子话题。第6章改动较小，主要更新了例子和图片。第7章变化不大，主要用学生更明了的语言表达各“诉诸”谬误。第8章相对于之前的版本来说是全新的，新版将“假阳性”替换为更易理解的“错误的归纳换位”。第9章更新为浅显易懂的例子，单独论述了“存在假设”，使人们更难忽略它。第10章最值一提的变动是重新纳入了真值函数论证模式（简版），以便满足不同的教学需求。第11章对概括和类比的顺序做了微调，有关因果假说的分析保持不变。第12章主要修改了一些例子。
逆转思维,姚颖,2052人点评,71.30%,2017年4月,一个人的逆转思维能力，在一定程度上决定了他成功的几率，逆转思维能力越强，成功的几率就越高。很长时间以来，人们都在喊要创新，要求异，但没有一本书具体对怎么创新、怎么求异有一个系统的说明。本书不仅有方法上的形象阐述，更在心灵和观念上让我们有了新的认识。
思维力：高效的系统思维（第2版）,王世民,249人点评,81.20%,2021年8月,本书提炼的系统思维是一套科学、完整的思维体系，它既融合了中西方思考和表达的优秀方法、工具，又基于顾问咨询、企业管理、自主创业和人才培训的多角度、全方位实践，做了非常大的创新和突破。本书分为三部分共十章，各章可自成体系地解决一个问题，同时整本书又形成一套体系化的系统思维。第一部分探秘了系统思维，洞悉了万事万物的本质其实是一个个系统，而掌握了系统的框架也就把握了事物的本质。第二部分将发现、分析、解决问题分解为系统化的五个阶段，并在每个阶段提供了相应的优秀思考方法和工具。第三部分剖析了 自上而下地表达”的三个层次，并以丰富的图表阐述了 形象化表达”。本书第1版自2017年1月出版以来，深受读者好评，多次重印。
深度思维: 透过复杂直抵本质的跨越式成长方法论,叶修,15人点评,评分不足%,2023年9月,在复杂的世界里，该如何运筹帷幌？ 我们是否具备高超的思维技术，以解决日常生活、工作中的问题？ 我们是否拥有宏大的思维格局，以在关键时刻做出精妙的战略选择？ 归根到底，我们的大脑有合适的“武器”来应对复杂的世界吗？ 大脑最好的“武器”，莫过于深度思维方法。普通的浅度思维逻辑链条短，分析视角有局限性，处理复杂信息的效率低下，并且人们难以借此从宏观战略层面认知事物。而深度思维则具有一套完善的体系，能够帮助你从根本上解决问题，并做到以下几点。 快速切换思考问题的视角； 探索问题的根本原因及长远发展； 有效应对信息流繁杂、事务琐碎的挑战； 站在更高层面，以系统、宏观的视角认识和解决问题。 深度思维的方法，既来源于多学科的思想精华，也经过了大量的商业、职场实践，被证实是解决问题、提升格局的利器。 对普通人而言，无论是对上级布置的项目进行深度逻辑分析，对用户的需求痛点进行多角度换位思考，还是在职业发展规划或进行投资决策时做出巧妙的战略选择，深度思维方法都不可或缺。
洋葱思考法,芝本秀德,305人点评,72.40%,2023年7月,“花时间思考”不等于有效的深层思考。深层的思考是一个由浅入深、由表及里的过程。 本书在总结前沿思考法的基础上，结合生活和职场中出现的各种思考难题，提出了能够抓住问题本质从而真正解决问题的洋葱思考法。作者制定了一套解决问题的流程，并把整个流程分为八个步骤，同时提出深层思考的五个层级以及上升到每个层级所必备的五个思考技能，教你一步一步地像剥洋葱一样揭开事实真相，找到关键节点。 如果你总是埋头苦干，却很少抬头看路；如果你常常拿来就做，却很少关注结果；如果你习惯于用战术上的勤奋掩盖战略上的懒惰；如果你觉得越努力离成功就越远，那么请你一定要读一读这本书，它能帮助你看清问题的本质，逼近事物的真相，为你指明有效思考的途径。
逆向思维,李磊,108人点评,57.40%,2022年1月,做逆向思维是一种思考的能力。就是不正面解决问题，而是从反面或侧面多角度思考解决问题。什么是逆向思维？就是出奇制胜，摆脱正常学习生活经验带给你的惯性思维模式，做正常人不会去想去做的事情，通俗地说，就是要让自己不正常。这个话题有点儿沉重，因为往往知识储备越高的人，惯性思维越严重（不包括顶尖人才）。从小到大我们都在强调逆向思维的重要性，在今天这个高度发达的互联网信息时代，逆向思维才被普通大众所重视。人类的思维是具有方向性的，人们习惯性的思维往往都是正向的，这就反而突出了反向思维的效果。反向思维更难于掌握和学习也是重要原因之一。逻辑上擅于逆向思维的人不是精神病就必定是绝顶聪明之人。人们解决问题时，习惯于按照熟悉的常规的思维路径去思考，即采用正向思维，一般都能达到满意的效果。遇到难题是，由于越熟悉惯性思维越严重，逆向思维反而会突破瓶颈，缺点可能变优点，劣势变优势，被动变主动，曲径通幽，别有洞天。
批判性思维（原书第10版）,布鲁克・诺埃尔・摩尔 理查德・帕克,1510人点评,75.90%,2015年1月,本书是美国最为畅销的大学教材，连续10次再版，语言通俗、生动，直观地阐述了批判性思维、正确推理和合理论证的基本问题、观点、方法和技巧。《批判性思维》（原书第10版）从批判性思维的重要性和必要性说起，就如何进行正确地思维和清晰地写作，到有效论证的规则、合理的演绎和归纳推理，再到道德、法律和美学的论证进行了详细阐述，同时还列举了各种以修辞手法来掩盖虚假论证的例子，对批判性思维进行了全面的论述，帮助读者全面了解和掌握合理而正确的思维基本原则、规则、要求、技巧和训练方法。    诉诸人身/生成谬误 ：通过批评其来源而反驳某立场或论证。脱口秀主持人乐于此道。  稻草人谬误：为了反驳对方立场以夸大、错误表达等方式曲解其立场，使对手陷于不利。  源自愤怒的“论证”：顾名思义，以愤怒替代理由和判断。如，政治论辩沦于对骂。  威吓手段：试图通过威吓对方来证明某观点。你不难想到例证。  仓促概括：过于相信由小样本得出的结论。  群体思维：任凭对某群体的忠诚来干扰对问题的判断。例如，裁判员吹哨警示我们队犯规太多。  转移注意力：所答非所问，避开问题的焦点。  一厢情愿的思维：任凭自己的喜好来判断，拒绝探讨真相。也可称之为逃避现实的谬误。  诉诸公众的“论证”：认为“大家”都相信的就一定是真的。  在此之后，因是之故：误认为先后相继发生的事情之间就有因果联系。
思考的艺术（原书第11版）,文森特・赖安・拉吉罗,383人点评,71.20%,2019年1月,思维活动是自动完成的吗？能不能通过主观努力来管理和控制它？做白日梦是一种思维活动吗？杰出的思想者是否也会像普通人那样经历思维阻塞、不能专心和困惑？创造力是与生俱来、不能习得的？富有创造力的行事方法就是忽略传统方式？只有高智商的人才具有创造力？服用药物可以提高创造力？你对思维这件事了解多少？以上这些问题哪些是正确的？哪些是错误的？这本独特的书将帮你打破思考的局限、克服思考的障碍，让你学会创造性、批判性地思考问题，并有效地沟通想法、说服别人。请不要错过书中俯拾皆是的珍宝――批判性思维和创造性思维的策略与技术、一步一步解决问题的过程。它强调创意和积极的思维过程，深入浅出，引人入胜，对于任何有兴趣探讨批判性和创造性思维的读者，这无疑是一本不折不扣的经典之作！
逆思维逻辑：你的世界皆有可能,郑小兰,328人点评,71.20%,2015年1月,每个人都有思维，思维方式因为经验和环境所限，通常都是定向的，既惯性思维，容易总直线。定向思维属于从众心理的延展，以常规来判定事态，虽然不会引发矛盾，但却失去了发现不同状态的机会。定向思维是对人类思维的紧锁，不利于人类的发现和创造。其实，成功是一扇门，它并不在乎你用什么方式去打开它，懂得调整思维方向，让大脑和心理来个180度大转弯以后，说不定那扇门就开了。运用逆思维可使思维呈现多面化，有利于高效解决问题。同时，逆思维是一种心理习惯，养成逆思维习惯，人生将处处充满惊喜！本书全面阐述逆向思维给人们带来的益处。
像犹太人一样思考,柯友辉,273人点评,71.00%,2015年12月,无论是在科学、哲学还是经济领域，犹太人的智慧都在世界上享有盛誉。爱因斯坦、弗洛伊德、海涅、毕加索、卡夫卡、普利策、洛克菲勒、摩根、格林斯潘、索罗斯等光辉耀眼的人物，无一不具有犹太血统。据统计，在20世纪的历届诺贝尔奖获得者中，犹太人所占比例较高；在美国的富翁中，很多都是犹太人。为了使读者更加全面深入地了解到犹太人独特的智慧，本书从积累财富、开拓创新、奋斗进取、为人处世、教育子女、生活哲学等方面，详细分析了犹太人的聪明智慧，揭开犹太人成功的秘诀，希望广大读者能从中得到一些感悟和启发。
我们如何思维,约翰・杜威,74人点评,80.90%,2020年1月,杜威认为教育必须以反省思维为目的，在书中运用了大量日常生活中的案例，详细阐述了我们进行思维时的不同过程。全书主体为三大部分，第一部：思维训练的问题，说明什么是思维、训练思维的必要性、思维训练的天赋资源、学校情境和思维训练、心理训练的方法和目标。第二部：逻辑的探讨，说明完整思维行为的分析、系统性的推论、判断、概念和理解、具体和抽象的思考、实证和科学思维。第三部：思维的训练，说明活动和思维训练、具体与抽象、语言和思维训练、心灵训练的观察和信息、讲课和思维训练。
哲学・科学・常识,陈嘉映,1220人点评,77.70%,2018年2月,《哲学・科学・常识》是陈嘉映的代表作之一，这本书既是对历史上人类求知历程的回顾，也是对人之本、知识之本的追问。人类解释世界的努力，前有神话、巫术，后有哲学、科学。排除了千难万险，才抵达日心说、牛顿力学、进化论、量子物理，才使得科学成为“真理”的者。一方面人们常常反思，科学为什么会取得这样的成功？人们经验着同样的世界，为什么只有欧洲产生了科学？另一方面，我们也为科学之成功付出了代价：用科学来逼近“真理”，却将人的心灵排除出真理的领域之外。用数学和实验思维树立的科学大厦里，没有人之善恶、悲喜的位置――科学果真是这个世界的全部答案吗？人们在科学道路上探索，有时竟恍然不知我们对世界的理解是在深入，还是在背离。难道果真如老子所说，“为学日益，为道日损”？科学之外，还另有有求道之途？ 《哲学・科学・常识》是陈嘉映站在人类认知发展前端的一次回望：回到我们探求真理的本意：我们究竟是要探索未知的领域，拓展人类认识的边界？还是要理解我们存在于其中的世界，在纷繁的人世间消解困惑，更好地生活？
三大思考工具轻松解决各种问题（修订本）,岸良裕司 岸良真由子,283人点评,73.20%,2021年1月,《三大思考工具轻松解决各种问题・修订本》在原版畅销的基础上进行了全新的修订，更符合国内读者阅读，介绍的三大思考工具包括：让问题变得一目了然的整顿工具──分支图，打破两难局面的解决工具──疑云图，看清障碍，朝目标前进的实现工具──远大目标图。运用这三大思考工具，能够帮助人们锻炼出强大的思考力：养成逻辑思考力；将事物归纳得一目了然；养成找出“为什么”的能力；学会解决两难处境；学会站在对方的立场思考；学会与伙伴同心协力解决问题；养成颠覆性的创意思考，打破墨守成规的观念；理解梦想与现实的关系，提高实现目标的斗志与能力；运用所学知识加以思考，为自己的行动负责。
查拉图斯特拉如是说,尼采,1179人点评,85.80%,2020年1月,当善与恶的界限日益模糊，当一切坚固的东西都烟消云散，当生命之轻已变得不能承受，我们该从哪里求得生存的意义？是重造崇拜偶像？还是干脆沦于虚无，一路娱乐至死？在人类刚刚步入现代世界时，德国哲人尼采就严肃地思考上述问题――而一切答案，都汇聚到《查拉图斯特拉如是说》这部哲学小说中。通过主人公查拉图斯特拉的漫游与教诲，尼采发出了先知般的宣言：在“上帝已死”的时代，人应该直面虚无，从自身创造生命的意义，最终进化为能撑起生命重担的超人！
苏格拉底的申辩,柏拉图,431人点评,82.50%,2017年1月,"公元前399年，哲学家苏格拉底被传讯，说他不信城邦诸神，引进新的精灵之事，败坏青年。苏格拉底在由500人组成的陪审团面前作了著名的申辩。但申辩并没有挽救苏格拉底的性命，他最后被判处死刑。苏格拉底之死和耶稣之死，为西方文明打下了两个基本色调。而苏格拉底之死之所以成为西方哲学史上的核心事件，首先要归功于柏拉图的《苏格拉底的申辩》。本书包含三个部分内容,一个是北京大学吴飞教授据希腊文翻译的柏拉图的《苏格拉底的申辩》,并作了很多注释,对理解文本很有帮助；第二部分是吴飞教授为这个中文译本写的导言，对这个古代经典文本的背景知识，给读者一个较为总体的概念；第三部分是吴飞教授从自己的角度，对柏拉图的《苏格拉底的申辩》的一个相对独立的解读和思考，特别是对《苏格拉底的申辩》中哲学与政治之间的关系的理解。第三部分尤其重要，是中国学者自觉地用西方古典思想来理解现实处境、逐渐回归中国自身的问题的一个尝试。"
第二性（合卷本）,西蒙娜・德・波伏瓦,4141人点评,83.60%,2014年1月,有史以来讨论女性的最理智的百科全书 “我认为作为女性都应该看看这本书，因为每个女人都应该学习一些女性主义的知识。（梁文道）”《第二性（合卷本）》《第二性I》副标题为“事实与神话”，作者从生物学、精神分析学和历史唯物主义关于女性的观点出发，剖析女人变成“他者”的原因；随后，通过对人类历史的梳理，深刻地揭示了从原始社会到现今女性的命运；最后，《第二性（合卷本）》以蒙泰朗、劳伦斯、克洛岱尔、布勒东和司汤达五位著名作家为例，对男性制造的“女性神话”进行分析，探讨男人眼中的女性形象及其体现的思想。《第二性（合卷本）》《第二性II》副标题为“实际体验”，从存在主义的哲学理论出发，对女人一生中的不同时期（童年、青春期、性启蒙时期、婚后、为人母和步入老年后）进行正面考察，同时对她一生可能遇到的经历（同性恋、成为知识分子、明星、妓女或交际花等）作出判断和评价，深刻揭示了女性的处境及其性质。作者还分析了自恋女人、恋爱女人和虔信女人形成的过程及其背后复杂的社会原因，最后提出了女性走向解放的道路就是成为独立女性，也强调了只有当女性经济地位变化的同时带来精神的、社会的、文化的等等后果，只有当女性对自身的意识发生根本的改变，才有可能真正实现男女平等。
西西弗神话,阿尔贝・加缪,566人点评,87.20%,2021年2月,《西西弗神话》法国作者加缪的哲学论著，是其“荒诞哲学“思想的集中体现。在加缪的全部文学作品和哲学随笔当中，“荒诞”是他强调的最重要的一个概念。加缪认为，荒诞诞生于“人类的呼唤与世界非理性的沉默之间的对峙”。在这本书中，他分析和探问了许多哲学家的思想，比如雅斯贝尔斯、克尔凯郭尔、胡塞尔、海德格尔、舍斯托夫，也对陀思妥耶夫斯基等人的文学巨著加以评述，目的都是为了阐发他的“荒诞”概念，并进而指出：“活着，就是经历荒诞。而经历荒诞，首先就是直视它。”他指引我们像西西弗一样认识自己的命运，反抗自己的命运，义无反顾地生活。
西方哲学史讲演录,赵林,979人点评,94.70%,2021年12月,“哲学是活的生命。”“哲学史就是哲学。”遵循“历史与逻辑相一致”的原则，本书从古希腊哲学一直讲到黑格尔哲学，突出西方哲学思想发展的内在逻辑，通过揭示不同哲学家出现的历史顺序与哲学概念发展传承的关系，展现了哲学史就是哲学概念演变的生命历程，而不是堆积以往哲学家思想遗骸的荒冢。作为一部讲演录，本书在作者多年讲授的“西方哲学史”通识课程基础上整理而成，以通俗易懂的方式将晦涩的哲学概念娓娓道来，并省去了引经据典之繁，可谓哲学入门书首选。此次修订版特别增加“18世纪法国启蒙哲学”一讲，有助于我们更好地理解从英国经验论哲学和自然神论向德国古典哲学的过渡，弥补了初版之憾。
沉思录,马可・奥勒留,6058人点评,77.30%,2012年7月,本书由古罗马唯一一位哲学家皇帝马可・奥勒留・安东尼所著，是一本写给自己的书，内容大部分是他在鞍马劳顿中写成的。它来自作者对身羁宫廷的自己和自己所处混乱世界的感受，追求一种冷静而达观的生活。这本书是斯多葛学派的一个里程碑。
理想国（汉译世界学术名著丛书）,柏拉图,2067人点评,88.20%,1986年8月,《汉译世界学术名著丛书：理想国》是柏拉图的一篇重要对话录，对话录里柏拉图以苏格拉底之口通过与其他人对话的方式设计了一个真、善、美相统一的政体，即可以达到公正的理想国。柏拉图的理想国是人类历史上最早的乌托邦。在他的理想国里统治者必须是哲学家，他认为现存的政治都是坏的，人类的真正出路在于哲学家掌握政权，也只有真正的哲学家才能拯救当时城邦所处的危机。这种信念构成了柏拉图成熟的政治哲学体系的核心。在他的眼里“哲学家”有着特殊的内涵。
理想国,柏拉图,5494人点评,82.50%,2015年7月,《理想国》又译作《国家篇》、《共和国》等，与柏拉图大多数著作一样以苏格拉底为主角用对话体写成，共分10卷，其篇幅之长仅次于《法律篇》，一般认为属于柏拉图中期的作品。这部“哲学大全”不仅是柏拉图对自己此前哲学思想的概括和总结，而且是当时各门学科的综合，它探讨了哲学、政治、伦理道德、教育、文艺等等各方面的问题，以理念论为基础，建立了一个系统的理想国家方案。
打开：周濂的100堂西方哲学课,周濂,2288人点评,87.00%,2019年4月,学者男神周濂，为你开启一趟2500年的西方哲学探险之旅。本书为你呈现的――100篇有趣、有料，不高冷、不轻佻的精彩哲学普及文章，一部有态度、有营养，读得懂、读得动的西方哲学史，一本越读越精神的哲学入门书。苏格拉底为什么拒绝众人的苦苦哀求，拒绝越狱，勇于赴死？《理想国》为什么是一部伟大的“失败之书”？康德又是如何实现了既为人类的理性划界，也为上帝和信仰留下地盘？为什么论起抽象和晦涩简直可以说举世无双、独孤求败的黑格尔，却批评我们普通人经常陷入“抽象地思维”？兼有病态的人生和健康的哲学的尼采，为什么说弱者、怨恨之人的灵魂是“歪”的？自由雅典与铁血斯巴达共同之处在于――对“卓越”的不懈追求；提出“我思故我在”这个伟大命题的笛卡尔，居然是个赖床的哲学家；日常生活中“人畜无害”的胖子大卫・休谟，在哲学领域却是一个勇猛精进的斗士；莱辛说人们谈论斯宾诺莎就像谈论“一条死狗”，马克思也说哲学的老王黑格尔死后被当成“一条死狗”，可是如今他们却都死而不僵、借尸还魂了……周濂在喜马拉雅FM平台开设的“周濂讲西方哲学智慧”课程，这些课程讲稿形成了《打开：周濂的100堂西方哲学课》一书。
西方哲学十五讲,张志伟,1270人点评,86.10%,2004年3月,有两种事物，征服了整个精神的历史，我们愈是思索，就愈难以抑制赞叹和敬畏头上的星空和心灵的法则，从很早以前，到很久以后，这种爱将牢固地支配着一类智慧，就是哲学。本书系的内容设计充分照顾到社会上一般青年读者的阅读选择，适合自学；同时又能满足大学通识课教学的需要。每一种书都有一定的知识系统，有相对独立的学科范围和专业性，但又不同于专业教科书，不是专业课的压缩或简化。重要的是能适合本专业之外的一般大学生和读者，深入浅出地传授相关学科的知识，扩展学术的胸襟和眼光，进而增进学生的人格素养。本书系每一种选题都在努力做到入乎其内，出乎其外，把学问真正做活了，并能加以普及，因此对这套书作者的要求很高。
西西弗神话,加缪,2813人点评,74.80%,2013年8月,存在主义封篇之作，与荒诞命运抗争到底 《西西弗神话》是法国存在主义大师加缪的代表作之一，是加缪对于荒诞哲理最深入和集中的考察以及最透彻和清晰的阐释。西西弗这个希腊神话人物推石上山、永无止境的苦役无疑正是人类生存的荒诞性最形象的象征；但同时，他又是人类不绝望，不颓丧，在荒诞中奋起反抗，不惜与荒诞命运抗争到底的一面大纛。因此，与其说《西西弗神话》是对人类状况的一幅悲剧性的自我描绘，不如说它是一曲自由人道主义的胜利高歌，它构成了一种既悲怆又崇高的格调，在整个人类的文化艺术领域中，也许只有贝多芬的《命运交响曲》在品味上可与之相媲美。
西方哲学史：从古希腊到当下,奎纳尔・希尔贝克 尼尔斯・吉列尔,829人点评,88.30%,2016年3月,本书通过对诸多哲学传统的比较来显示西方哲学的特点，通过对哲学历史的叙述来揭示哲学思维的特点，结合社会政治和科学人文背景来展开各个哲学学派的发展脉络，尤其是结合人类的现代处境来讨论一些重大的哲学问题。全书内容覆盖像罗尔斯、罗蒂和哈贝马斯这样的当代哲学大师的哲学讨论，其风格既具有可读性又具有学术性。
西方哲学史讲义,周国平,13人点评,评分不足%,2023年11月,从这本书开启哲学史的阅读！周国平“西方哲学之旅”开讲之作    本书主要讲述西方哲学的产生与转变。从距今两千五百多年的古希腊哲学出现，到一百多年前尼采预见现代人的精神困境，时间跨度两千五百余年。  从古希腊开始，哲学家们讨论宇宙的本体是什么，致力于探究使宇宙万物能够统一的那个东西是什么。随后，苏格拉底把哲学关注的对象从宇宙转移到了人生。接下来的古罗马哲学围绕着人生论，几乎没有一个时代像古罗马那样，哲学家们围绕人生问题写了这么多书，他们对幸福、道德、政治的思考，今天看来仍具有启发意义。而后漫长的中世纪时期里，哲学成为了神学的奴仆，必须听命于神学。
哲学100问：从古希腊到黑格尔,书杰,124人点评,86.20%,2020年1月,《哲学100问:从古希腊到黑格尔》系统阐述从古希腊到黑格尔时期的哲学史发展进程，涉及苏格拉底、柏拉图、亚里士多德、笛卡尔、休谟、卢梭、康德、黑格尔等38位哲学家的思想精髓；集中梳理古希腊哲学、中世纪哲学、近代理性主义、法国启蒙哲学和德国古典哲学等哲学流派的核心逻辑脉络。
与塞涅卡共进早餐：斯多葛哲学的人生艺术,大卫・菲德勒,168人点评,90.80%,2022年11月,当人生陷入困境，不妨问一句：哲学家塞涅卡会怎么做？ 如何处理和时间的关系 如何克服担忧和焦虑 如何战胜困境 如何在困难和极端财富中生存 如何保持真实并为社会做贡献 给悲伤留一席之地  斯多葛主义是两千多年前古罗马时期最有影响力的哲学。斯多葛哲学崇尚理性，注重培养人的内在品格，以应对外部世界的不确定性。古罗马政治家、哲学家塞涅卡被认为是斯多葛学派最有才华、最人性化的作家，他教导人们自由而有目的地生活。他历久弥新的作品，是一百多封写给朋友的书信《斯多葛主义者来信》，阐述了如何应对逆境，如何克服悲伤、焦虑和愤怒，如何将挫折转化为成长机会，如何认识友谊的真正本质等重要人生议题。 《与塞涅卡共进早餐》是第一本介绍塞涅卡哲学思想全貌的指南。在这本书中，大卫・菲德勒结合当代人的生活，深入阐释了塞涅卡的哲学思想对当下人生的重要指导作用。事实证明，在过去的两千多年里，人类本性并没有发生太大变化，针对我们今天面临的各种人生困境，斯多葛哲学依然能提供历经时间考验的实用建议。塞涅卡的哲学智慧并非遥不可及，它像每天早晨一杯提神的咖啡，可以融入生活作为一种日常仪式去享受。 我为后代工作，写下一些可能对他们有益的想法。有一些健康的建议，此刻我正在把它们写下来，就像开处方列出有用的药……我正在为其他人指出正确的道路，它们是我因误入歧途而在晚年感到疲惫时才发现的。 ――【古罗马】塞涅卡 塞涅卡的时代就是我们的时代。他是我们的同时代人，我们关切着同样的问题。 ――大卫・菲德勒
西方哲学史,伯特兰・罗素,257人点评,72.40%,2021年12月,《西方哲学史》写作于二战期间，源自罗素在美国费城的一系列哲学史讲座。全书共分三卷，按时间顺序依次讲述古代哲学、天主教哲学和近代哲学。在本书中，罗素从一位哲学家的视角，完整地展现出他对西方哲学历史发展的理解，其中既包括对重要哲学家的哲学观点的讲述，也包含罗素本人对这些思想的批判。本书将罗素原著七十万字的内容凝练为不到二十万字，既保留了原著中最重要的思想观点与分析论证，也更贴合当下读者快速掌握、理解经典的阅读习惯，便于读者从多方面把握本书的精彩内容。
理想国,柏拉图,459人点评,81.40%,2021年12月,西方哲学经典著作，吴永占译，寒川文化出品 没有人怀疑《理想国》是西方哲学最伟大的作品之一。它把哲学上和文学上的资源用最高形式结合起来，试图回答所有问题当中最重要的问题――如果我们想要满意幸福地生活，那么我们究竟应该怎样生活――达到了可以说是前无古人、鲜有来者的高度。应当正义地生活或是非正义地生活？道德地生活或是不道德地生活？另外，本书提出的答案是以异常丰富的叙述为基础，这些叙述是关于我们的本质以及客观存在的本质。在本书中伦理学、政治学、美学、宗教哲学、精神哲学、科学哲学、认识论以及形而上学交织在一起，本书对以上学科分别做出了贡献，并对这些学科以后的发展形式形成了决定性的影响。当代的哲学家像他们的前辈一样阅读《理想国》，他们这样做不是因为对于柏拉图的虔诚，而是因为该书继续引起挑战、不安和带来启发。可以确定地说，西方哲学并不仅仅是对本书那了不起文字的一系列注释，但是可以说它们很多故事都是从这本书开始的。
西西弗神话,阿尔贝・加缪,390人点评,89.10%,2020年6月,在古希腊神话中，西西弗得罪了诸神，诸神罚他将巨石推到山顶。然而，每当他用尽全力，将巨石推近山顶时，巨石就会从他的手中滑落，滚到山底。西西弗只好走下去，重新将巨石向山顶奋力推去，日复一日，陷入了永无止息的苦役之中。法国作家加缪从这则著名的古希腊神话中，发现了人类现实困境的某种象征意义，于是写成了阐述他荒谬英雄理念的名篇《西西弗的神话》。
德国古典哲学讲演录,邓晓芒,56人点评,95.50%,2017年10月,本书是由哲学家邓晓芒先生为武汉大学哲学系本科生开设的“德国古典哲学课”的讲课录音整理而成的。作者的重点是讲康德和黑格尔，对于费希特、谢林、费尔巴哈一众哲学大牛也略有涉及。《德国古典哲学讲演录》的宗旨不是艰深的学术研究，而是旨在还原德国哲学的概貌，进而为大众打开沉重的哲学大门。由于是讲课实录，因此很多表述皆系现场发挥，深入浅出，通俗易懂。如果你一直想读点德国哲学却不由在晦涩的专著前望而却步的话，本书无疑是条入门的绝好途径。
理想国,柏拉图,125人点评,85.60%,2020年7月,《理想国》是柏拉图的一篇重要对话录，涉及柏拉图思想体系的各个方面，包括哲学、伦理、教育、文艺、政治等内容，最主要的是探讨理想国家的问题。对话录里柏拉图以苏格拉底之口通过与其他人对话的方式设计了一个真、善、美相统一的政体，即可以达到公正的理想国。柏拉图的理想国是人类历最早的乌托邦。在他的理想国里统治者必须是哲学家，他认为现存的政治都是坏的，人类的真正出路在于哲学家掌握政权，也只有真正的哲学家才能拯救当时城邦所处的危机。这种信念构成了柏拉图成熟的政治哲学体系的核心。在他的眼里“哲学家”有着特殊的内涵。他认为哲学家是高尚、最有学识的人，而这种贤人统治下的贤人政体就是最好是政体。所以，只有建立以哲学家为国王的国家才是最理想的国家。这个国家就是存在于天上的模范国家。
哲学家们都干了些什么？ （修订版）,林欣浩,3920人点评,91.30%,2022年2月,一部严谨却不严肃的哲学史！       宇宙的外面是什么？       世界会不会是假的？       我是不是活在虚拟世界/别人的梦中？       上帝到底存在还是不存在？       这个世界有没有终极真理？       人生的意义是什么？       ……       你知道吗，你想过或者没想过的这些奇奇怪怪的问题，早在几千年前就被哲学家们一本正经地提出，挖空心思地找证据，面红耳赤地争论过了。在整个世界忙着探索、开垦、打仗、上天、发展的漫长历史中，这帮哲学家们却神经质地死磕这个世界的真相和人生的意义，就好像一个网络游戏里的角色试图琢磨自己手里武器的代码是什么…… 翻开本书，从神烦的苏格拉底开始，了解哲学家们穷其一生苦思的问题及最终答案。
生命之书：365天的静心冥想,克里希那穆提,1238人点评,88.20%,2011年8月,《生命之书：365天的静心冥想》是克里希那穆提教诲的精选，诸多内容内地读者都不曾接触。对于尚未领略克氏智慧之光的人而言，这本是上佳入门读物，深入浅出，完整详实。对于已经入门的读者而言，它是深化之书，厘清困惑，涤净烦忧。绝对值得再三阅读，细细品味。  　　你可曾安静地坐着，不专注于任何事物，也不费劲地集中注意力，而是非常安详地坐着？这时你会听到各式各样的声音，会听到远处的喧闹声以及近在咫尺的细微声响。这意味着你把所有的声音都听进去了。你会发现自己的心在不强求的情况下产生了惊人的转变。这份转变里自有美和深刻的洞识。
哲学的故事,威尔・杜兰特,1409人点评,84.10%,2013年4月,本书是美国哲学家威尔・杜兰特的经典力作，自问世以来，经久畅销不衰。 《哲学的故事》用讲故事的方法，介绍了有史以来的主要哲学家的生平及其观点，从苏格拉底、柏拉图、亚里士多德到叔本华、尼采再到柏格森、罗素、杜威等。在阐述每位哲学家思想的同时，生动地介绍了他们生活的时代背景、生活境遇和情感经历。 威尔・杜兰特以其一贯的渊博学识、深入浅出的行文，将看似艰深的哲学写得极富人情。
鬼谷子（白话全译）,文史哲,7958人点评,83.20%,2012年3月,本书依据《鬼谷子》的权威原著，甄别、博采众家之长，力求对原文作出精当而晓畅的注释与翻译，每篇篇首皆附有提要加以解析、导读。并借鉴国外工商管理硕士的培养方法，精选古今中外颇具代表性的，涵盖商场、职场、处世等各个领域的经典案例，对鬼谷思想逐篇阐释、透析、解读，可使不同行业、不同背景、不同层次的读者皆能从中有所获益。同时，本书设计精美独到，图文并茂，大量古朴生动的图片，与文本和谐统一，相得益彰，大大增强了阅读的趣味与兴致。经典深刻的思想，精审独到的案例及评析，恰到好处的图文相生，使本书融哲理性、故事性、实用性、全集性于一体，可谓是各类读者参悟、运用鬼谷子大智慧的首选读本。
洞见：从科学到哲学，打开人类的认知真相,罗伯特・赖特,2591人点评,77.10%,2020年8月,这是一本通过进化心理学理论来印证佛学观点，进而帮助人们发现更真实的自我、收获人生大智慧的哲学类书籍。本书是美国进化心理学家、全球百位最具影响力思想家之一的罗伯特・赖特多年研究与实践所成，书中以一个现代人的视角，通过进化心理学的知识求证佛陀当初说的关于人类的5大认知真相：（1）我们的快乐其实是基因设计出来的，基因的设定就是不满足（苦）；（2）快乐和烦恼都是“感觉”（非我）；（3）人本质上是由感觉驱动的(无我)；（4）我们无法客观看待世间万物（空）；（5）我们能够从烦恼和苦中解脱出来（冥想）。并教会我们通过正念自控训练冲破大脑错觉，实现与各种感觉的剥离，从而摆脱烦恼与痛苦，变得更智慧，更幸福。
盘逶戳鳎旱兰已生经典辑录（上下册）,米晶子,495人点评,93.10%,2021年6月,本书是全真龙门派第二十一代张至顺道长（号米晶子）精选毕生所集道家经典，如《道藏》等诸多道家原典中的经典篇章，配以直观形象的绘图，以及精准实用的注解。为普通人了解道家文化、修身养性，省却不必要的参访功夫，实为中国传统道家文化的经典之作。 “拧被三清，“w”能载道，“源”乃先天道统，“流”为老君法脉，书名故曰《朋w源流》。
活在此时此刻,一行禅师,2773人点评,91.20%,2018年2月,这本回忆录讲述了一行禅师的一生。每一个故事都是他真实的生活经历。他向我们展示全神贯注活在此时此刻的意义。如果你身处繁重的工作，感到焦虑或内心迷惘，无法获得平静与归宿。这本书将使你思绪清晰，安住当下，获得生命的平静和此刻的丰盛。
好的爱情：陈果的爱情哲学课,陈果,1.2万人点评,79.10%,2018年5月,我们可以一秒爱上，但却不懂如何用一生去爱 长久的爱情，就是一次又一次地爱上同一个人。复旦名师陈果，用哲学的方式告诉你，怎样的爱情才更长久！每个人都向往爱情，但是却少有人懂得如何真正去爱。很多情侣看起来明明很相爱，但最后却还是要分开。这就是因为，我们可以用一秒钟爱上一个人，但却不懂得如何用一生去爱TA。好的爱情，不是互相占有，而是共同成长。当我们用心感受爱，培育爱，我们就能在精神上一路同行。当我们每天都变得更好一点，并用心发现对方的改变，我们就能参与对方生命的成长，一次又一次地爱上同一个人。这就是令爱情长久的秘密，千变万化，又始终如一。翻开本书，感受爱情的艺术，爱情的学问，让爱永远不会被时间所打败。
在绝望之巅,E.M.齐奥朗,1178人点评,79.30%,2022年5月,“二十世纪的尼采”、现代欧洲伟大的哲学家E.M.齐奥朗的代表作！苏珊・桑塔格、伊塔洛・卡尔维诺、米兰・昆德拉、保罗・策兰、萨缪尔・贝克特等诸多当代名家一致推崇。其作品以断章体的形式和对痛苦磨难、虚无主义等问题的思考而著称，在国际上享有盛誉。 《在绝望之巅》是二十世纪著名哲学家E.M.齐奥朗的初试啼声之作，写于作者饱受抑郁症和失眠症困扰时期。齐奥朗在其中对种种形而上学问题提出了自己的独特见解，主题涉及荒谬、异化、抑郁、失眠、爱情、狂喜、苦难、贫穷、善恶等。本书以一种新奇的、抒情的、反体系化的哲学风格，奠定了齐奥朗的创作基调，作为这位现代哲学家的思想源泉，意义重大。 《在绝望之巅》既是齐奥朗重要的代表作，也是他非常受欢迎的作品，精致的散文语言、断章体的创作形式和悲观的哲学思想有机结合，表现出荒诞主义和后现代主义态度，对西方知识界产生了极大影响。
沉思录,奥勒留,430人点评,83.20%,2013年6月,《沉思录》是古罗马皇帝奥勒留终其一生的灵性思考，是自己与自己的心灵对话，也是对自我甚至对人类灵魂的拷问。全书十二卷，剖析了灵魂与死亡的关系，阐释了人的德行和个人对社会的责任等，表达了奥勒留身居宫廷与面对乱世的独特感悟。《沉思录》是斯多葛派哲学思想的精髓，也是该派里程碑式的作品。古代斯多葛派的哲学精神能流传至今，并植根于近代西方文化的精神之中，可谓都仰赖于奥勒留的《沉思录》。本书为梁实秋译本的最新修订版，同时加入了英文，是中英对照的全新典藏读本。
王阳明：一切心法,熊逸,1247人点评,74.20%,2019年10月,《王阳明：一切心法》是一部诚意之作，它权威、有趣、真挚，易懂，只为让你了解真正的而不是为误解的王阳明，了解“心”在王阳明的思想体系中的核心概念。它是驱动整个世界总的发动机。不是看破红尘、心如死灰。而是一场在针尖上飞旋的舞蹈，无时无刻不在努力保持平衡，同样让你了解心学的真谛而不是浮于表面的心灵鸡汤。
复旦名师陈果：人生哲学课（共2册）,陈果,3206人点评,80.80%,2018年4月,复旦名师陈果，用哲学的方式告诉你，孤独的自己有多强大，怎样的爱情才更长久！陈果博士，多年来因课堂视频而红遍网络，她的课堂付费音频课程播放量破1200万。《新京报》《南方日报》《三联生活周刊》《中国青年报》、凤凰卫视等媒体平台疯转课堂视频。孤独藏有巨大的精神力量，找到它你就可以脱胎换骨。长久的爱情，就是一次又一次地爱上同一个人。
正念：此刻是一枝花,卡巴金,2308人点评,81.40%,2015年5月,本书作者正念减压创始人乔・卡巴金博士告诉你：这样如梦游一般的生活方式，与你为之努力的目标――健康、幸福、满足都背道而驰。如果你没有全身心参与当下，那么不仅会错失生命中最宝贵的东西，而且会意识不到自身成长和蜕变中的丰富性和深邃性。更关键的是，若忽视当下，那么在深藏于心的恐惧和不安全感的驱使下，你无意识下作出的举动和行为将会不可避免地带来其他问题。如果对之置若罔闻，这些问题往往会逐渐累积，最终会使你的感觉凝滞迟钝。天长日久，你会对自身能力失去信心，从而无法将精力放在能带来更大满足、幸福和健康的事情上。
复旦名师陈果：好的孤独,陈果,1.6万人点评,73.90%,2017年4月,她因课堂视频而红遍网络，一周内播放超过3000万次，付费音频课程一个月内点击破百万。复旦名师陈果，用哲学的方式告诉你，孤独的自己有多强大。央视著名主持人撒贝宁称“带给我们年轻人一种难得的能量”。本书由复旦大学陈果老师近10年的教学心得整理而成，囊括了她的思想精髓。孤独藏有巨大的精神力量，找到它你就可以脱胎换骨。当你一个人独处，自我的力量就开始觉醒，内心会变得越来越强大。孤独让你远离喧嚣，内心沉静而有力，判断无比清晰；孤独带你找到自我，听取内心的声音，应对外界难题；孤独领你看清人生，不再慌乱和迷茫，活得从容坚定。孤独让你与自己对话，内心才是一切的答案。
哲学家们都干了些什么,林欣浩,1.7万人点评,81.00%,2015年4月,充满娱乐精神的哲学史。 “哲学史写得这么浅白风趣八卦，你让我们哲学系的人还怎么混？！”用穷凶极恶的吐槽和喜闻乐见的八卦，彻底瓦解你对哲学史的成见，翻开任何一页，都是欲罢不能的哲学故事。来吧，哲学家们！自己说说看，你们究竟都干了些什么？宇宙的外面是什么？世界会不会是假的？上帝到底存在还是不存在？这个世界有没有终极真理？……你知道吗，你想过或者没想过的这些奇形怪状的问题，早在几千年前就被哲学家们一本正经地提出，挖空心思地找证据，面红耳赤地争论过了。在整个世界忙着探索、发展的漫长历史中，这帮哲学家们却神经质地死磕这个世界的真相和人生的意义，就好像一个网络游戏里的角色试图琢磨自己手里武器的代码是什么……
读史有智慧大全集（超值白金版）,文若愚,195人点评,75.80%,2011年10月,本书分为“百家智慧”、“经典中的智慧”、“历史中的智慧”三部分，其中蕴含着博大精深的思想，从中吸取精华，为自己安身立世、修身养性提供必要参考。
像哲学家一样生活：斯多葛哲学的生活艺术,威廉・B.欧文,1850人点评,82.70%,2018年3月,大多数哲学作品都将自己的内容定格在其理论介绍上，试图研究学派的逻辑性和实体性，而本书《像哲学家一样生活：斯多葛哲学的生活艺术》则更多地将关注点锁定在斯多葛主义哲学的实践应用上。斯多葛哲学是古罗马最流行、最成功的思想流派，其生活的艺术能让我们减少焦虑，释怀过去，能让我们更好地对付羞辱、悲伤、衰老，坦然地面对声名与财富的诱惑，还能彻底治愈折磨现代人的心理慢性病症――对生活无休无止的不满足感，让我们的内心归于从容和安宁。
我说参同契,南怀瑾,910人点评,90.70%,2010年4月,《参同契》一书为东汉魏伯阳所著，内容融周易、黄老学说、道家丹道于一体，艰涩、玄虚、奥妙，素以“天书”著称，古今学者能参透此书者寥寥。《我说周易参同契》（暂名），是南先生于六十多岁壮年之时讲解《参同契》的辑录。其所据蓝本为清初朱云阳所著的《参同契阐幽》一书，此书在《参同契》的注释史上，最为权威。南先生的讲解共八十讲，内容涉及广泛，举证极多，更有南师本人所经历的诸多奇特的人和事。南师还充分考虑到一般读者对周易、道家、丹道的了解程度，讲解由浅入深，能让读者不知不觉进入中国古人的哲学智慧，同智者一起悠闲漫步。
正念禅修,马克・威廉姆斯 丹尼・彭曼,1104人点评,83.80%,2017年1月,正念理论正成为全世界的一个热门话题，但它并非只是一种好的想法或聪明的技巧，而是一种有品质的生活方式，它培养我们开放的心态和温和的坚持，帮助我们重新认识并善待一生。书中提供了一系列简单却实用的方法，可以有效打破焦虑、压力、不开心和疲惫等恶性循环。8周禅修训练指南，是一个连贯的体系，通过对呼吸的练习、身体的关注以及对周遭事物的觉察，让人集中涣散的精力，发现生活的真正乐趣，每一秒地活在当下。随着练习的深入，你会发现自己的思想、身体和生命都慢慢舒展清晰起来，并用值得信赖的方法来处理各种浮现的问题 ，是在这个生活节奏越来越快、令人狂躁不安的世界中，寻找内心平静的宝典。
世界哲学史,汉斯・约阿西姆・施杜里希,286人点评,89.80%,2017年1月,本书讲述了公元前两千多年至今的哲学思想史，既有婆罗门教、佛教、儒家、道家等东方思想，也涵括了从古希腊罗马哲学、中世纪哲学一直到当下的存在主义等西方流派。当然，它不可能穷尽所有的思想，更没法解答一切疑问，但通过把其中那些杰出的成果，那些关于人生根本问题的回答，以简洁有力的方式传达出来，让我们得以穿透漫长的时空，从这些伟大心灵中汲取养分和勇气，去追寻自己的答案。我们将会发现，四千年来，从古印度的无名作者到哲学巨擘康德，从中国到欧洲，对何以为人、何为良好生活的追问从来没有停止过。
《金刚经》说什么,南怀瑾,7889人点评,91.10%,2016年4月,本书是南怀瑾先生有关《金刚经》的讲课记录。作者依据梁代昭明太子的分法，将《金刚经》分为三十二品（相当于章），然后逐品作了讲解。每一品均以一首偈颂作总结，以阐发自己的心得。《金刚经》是初期大乘佛教的代表作之一，也是般若类佛经的纲要书，它全称《金刚般若波罗蜜经》一卷，由姚秦鸠摩罗什于弘始祥译出，问世之后，即在社会上广泛流传，篡要、注解、类颂、重演、义记、采微、集解、科释、宗通、决疑、大意、直说等注释达一百多种。
次第花开（2017修订新版）,希阿荣博堪布,9939人点评,85.90%,2017年9月,《次第花开》是希阿荣博堪布所写的心灵随笔集，以现代人的思维和表达方式，将心灵世界应有的美好境界娓娓道来。本书就像是一个忠实的朋友，在迷茫脆弱的时候，给我们以鼓励和启发，让我们生起对三宝和佛法的信心以及求解脱的决心。书中处处散发着慈悲与智慧的光芒，堪布睿智柔和的文字，朴实生动的开示，帮助我们坦然地面对心的本性，并从各种困惑中解脱出来，获得重塑心灵世界的力量。
命运的求索――中国命理学简史及推演方法,陆致极,318人点评,90.20%,2018年8月,《命运的求索：中国命理学简史及推演方法》以充实的史料，平实的语言，生动的例子，简述命理学的发展历史，展现命理研究在不同历史时期的哲学观念和探究方法的特点，使读者读后对曾在世俗文化中具有很大影响力的命理文化，有一个比较明晰的印象和简明的发展线索。
金刚经修心课：不焦虑的活法,费勇,639人点评,77.80%,2019年3月,《金刚经修心课：不焦虑的活法》是一部阐述人生哲学的佛教通俗读物。 作者费勇教授二十年的读佛心得，一朝和盘托出，他用一看就懂的生动语言，深入浅出讲解《金刚经》的大智慧，并与现实生活相比较起来，让读者在读懂金刚经精髓的同时，从佛法中学会不焦虑的活法，净化自己的心灵，让生活变得更美好。
六祖坛经,慧能,872人点评,95.90%,2020年11月,《六祖坛经》，佛教经典，亦称《六祖大师法宝坛经》，简称《坛经》。禅宗六祖慧能说，其弟子法海集录。是禅宗的主要经典之一。
佛陀传：全世界影响力最大的佛陀传记,一行禅师,6033人点评,93.40%,2014年3月,享誉海内外的佛学大师一行禅师经典作品，他沉稳迷人地讲述了佛陀80岁的完整一生，佛法的起源与奥妙，就这样在您面前徐徐展开。无论你有没有佛学根基，阅读本书，都是一次充满喜乐和感动，受益匪浅的修行。自从1991年在美国初次出版以来，二十多年的时间，《佛陀传》已成为全世界佛学爱好者的入门书。一行禅师沉稳迷人地讲述了佛陀释迦牟尼从出生、成长、出家、修行、得道、弘法，直至灭寂的完整一生。娓娓道来的佛陀生平故事，融汇着佛法的精深奥妙；无论你有没有佛学根基，阅读《佛陀传》，都是一次充满喜乐和感动，受益匪浅的修行。
六祖坛经修心课：不抑郁的活法,费勇,33人点评,81.60%,2019年3月,《六祖坛经修心课：不抑郁的活法》是一部阐述人生哲学的通俗读物。 作者费勇教授二十年的读佛心得，一朝和盘托出，他用一看就懂的生动语言，深入浅出讲解《坛经》的大智慧，并与现实生活相比较起来，让读者在读懂坛经精髓的同时，从佛法中学会不抑郁的活法，净化自己的心灵，让生活变得更美好。
能断：金刚经给你强大,索达吉堪布,1954人点评,90.30%,2013年5月,这是一本能断人生各种执著，给身心带来强大正能量的生命开示录。只要你掌握了哪怕其中短短一句的智慧，苦不苦什么的都会无所畏。当然，假如你不太懂其中的意思，它也并非对你没有利益。当自己遭逢磨难、疾病、不顺时，单单是抄写或念诵一遍此经，就有助于逢凶化吉、遇难成祥。甚至只是把它放在家里，或带在身边，此处也相当于有了佛塔，能化解诸般灾祸，增添无边吉祥。这一点，不管你是否信仰佛教，都会如此！
楞严经（佛教十三经）,赖永海主编,727人点评,93.00%,2012年8月,“开悟的《楞严》，成佛的《法华》。”这句禅门话语道出了《楞严经》在中国佛教中的特殊地位和影响。本经自唐代中叶译出后便开始流行，宋代之后更是盛行于僧俗、禅教之间，成为汉传大乘佛教的最核心经典之一，是一部对中国佛教之禅、净、教、律、密都有着广泛而深刻影响的大乘经典。
观呼吸,德宝法师,3364人点评,86.80%,2018年4月,观呼吸，不仅加深对生命本身的认识，还会让心变得稳定、敏锐和专注。在书中，德宝法师开篇就指明禅修的目的，以及常人对禅修的种种误解，然后系统地介绍了如何通过单纯的觉察与呼吸的掌握，达到正念。按照书中一步步的禅修指导，以呼吸为专注的焦点，观看一切身体经验、感受与思想的变化，进而观察你所认知的整个世界，最终以觉醒、智慧的心，安详面对起伏的人生。
道德经说什么,韩鹏杰,4875人点评,87.80%,2019年6月,樊登读书会百万听众订阅。西安交大韩鹏杰教授精研数十年，以魏晋时期天才学者王弼注解本《道德经》为依据，以独有的“以经解经”特色，用幽默风趣的讲解方式，带给读者一个立体的《道德经》，并用形象生动的例子和自身厚重的国学素养，进行逐章逐句解读，重点讲解书内《道经》“道法自然”“上善若水”“尊道贵德”“反者，道之动”；《德经》“以下为基”“大象无形”“福祸相依”等核心思想，力求深入浅出，让读者全面了解《道德经》的思想与智慧，感受中华文化永久的魅力和时代风采，引领读者感受国学文化的智慧。
因果的真相,庄圆法师,1380人点评,88.40%,2014年8月,《因果经》是佛家最经典、流传最广泛、信众最多的经典之一，其中揭示了宇宙万法运转不息的规律，以及脱离无尽烦恼和苦海的方法。台湾最受媒体欢迎的心灵法师――庄圆法师，以普通人的视角，从身边最常见的生活琐事入手，以风趣、朴实的生动口语讲解。浅显生动之中将奥妙精深的佛法缓缓道来，帮助匆忙的现代人舒缓身心压力。
金刚经说什么,南怀瑾著述,1300人点评,91.50%,2016年3月,《金刚经》是初期大乘佛教的代表性经典之一，也是般若类佛经的纲要书。它全称“金刚般若波罗蜜经”（经名中的“蜜”，一作“密”），一卷，由姚秦鸠摩罗什于弘始六年（四四）译出。问世之后，即在社会上广泛流传，纂要、注解、夹颂、宣演、义记、采微、集解、科释、宗通、决疑、大意、直说等各种注疏达一百多种。经中主要论述了“所言一切法者，即非一切法”，一切现象（物理的和心理的）“性空幻有”的理论。本书为著名学者南怀瑾先生有关《金刚经》的讲记。作者依据梁代昭明太子的分法，将《金刚经》分为三十二品（相当于章），然后逐品做了讲解。每一品均以一首偈颂做总结，以阐发自己的研究心得。《金刚经》中的疑难之处，于中剖析得淋尽致。兹经版权方台湾老古文化事业公司授权，复旦大学出版社将老古公司二一二年七月第二版校订出版，以供研究。
金刚经（典藏）,佚名,1696人点评,95.80%,2020年11月,金刚经歌者。梁朝时傅大士之所作也。武帝初请志公讲经。志公对曰。自有傅大士善解讲之。帝问。此人今在何处。志公对曰。见在鱼行。于时即照大士入内。帝问。大士欲请大士讲金刚经。要何高坐。大士对曰。不用高坐。只须一具柏板。大士得板。即唱经歌四十九颂终而便去。志公问武帝曰。识此人不。帝言不识。志公告帝曰。此是弥勒菩萨分身。下来助帝杨化。武帝忽闻情大惊讶。深加珍仰因题此颂。于荆州寺四层阁上至今现在。夫金刚经者。圣教玄关深奥难测。诸佛莫不皆由此生。虽文疏精研浩汗难究。岂若慈颂显然目前。遂使修行者不动足而登金刚宝山。谛信者寂灭识而超于涅彼岸故书。其文广博无穷。凡四十九篇烈之。于后所谓惠日流空照如来之净土禅刀入手破生死之魔军。既人法双祛俱遣快哉。斯义何以加焉。有一智者不显姓名。资杨五首以申助也。其层阁既被焚烧。恐文隋堕。聊请人贤于此阁见本请垂楷定。
六祖坛经讲话,星云大师,901人点评,92.00%,2008年9月,本书系哲学图书读物，在禅宗庞大的典籍中，《六祖法宝坛经》是一部无上的宝典，是研究、涉猎禅宗典籍的必读书目。
正见,宗萨蒋扬钦哲仁波切,4085人点评,88.30%,2018年3月,当今世界独具影响力、为你彻底解决内在困惑的佛教上师宗萨蒋扬钦哲仁波切，深深影响了全世界千万佛教徒，帮助人们摆脱人生烦恼，让无数不安、困惑和受苦的心，重新获得平和、柔软、自在与安宁。 北京大学、加州伯克利大学、浙江大学、香港大学等中外近百所高校备受欢迎的心灵导师！ 不丹、尼泊尔、新加波、韩国、印度、印尼、中国、美国、英国、德国、澳洲、巴西、加拿大及中国香港、台湾等数十个国家和地区千万佛教徒推崇备至。 李连杰、孙俪、陈坤、杨幂、王菲、安意如、周迅、梁朝伟、刘嘉玲、苏有朋、胡因梦、赖声川、张德芬等国际明星、知名作家诚挚推荐。 曾获网络书店畅销榜十大重点社科类图书、全国年度百佳读物！入选中国《新京报》年度选书，《中 华读书报》年度百佳好书，牵动“正见思潮”，成为热门话题！ 阅读宗萨蒋扬钦哲仁波切的作品已成为一种文化现象。
世界上最快乐的人,咏给・明就仁波切,921人点评,91.50%,2013年10月,2002年明就仁波切参加美国威斯康星大学理查德・戴维森主持的实验研究，被测出大脑中的快乐指数在禅定状态中跃升了百分之七百，一度让科学家以为仪器坏了，被《时代周刊》杂志誉为“世界上最快乐的人”。享誉世界心灵导师、禅修大师明就仁波切，在本书中，阐述了他是如何通过佛法禅修克服童年时代的恐慌症，获得内在真正的快乐的。他首先描述了自己亲身经历的禅修困境与状态，然后通过个人体验以及现代的科学研究，揭开快乐的秘密，最后给出具体的方法，以便人们在日常生活中利用自己的身体感官知觉去做各种禅修练习，达到非比寻常的快乐。
楞严大义今释,南怀瑾,1001人点评,93.30%,2018年4月,"《楞严经》全称《大佛顶如来密因修证了义诸菩萨万行首楞严经》，十卷，是一部佛学经典，历来被修行者奉为必修的无上圭臬，尤其是对习禅者而言，更是如此。以至有“自从一读楞严后,不看人间糟粕书”的说法。但由于其译文文词古奥，使佛法义理，愈形晦涩，学者往往望而止步。本书即为南怀瑾先生对《楞严经》全本的原文今译和串讲。其讲述依文讲义，深入浅出，是一部将学术性和通俗性融为一体的别具特色的《楞严经》读本。"
地藏经,实叉难陀,1159人点评,94.20%,2020年11月,《地藏经》全称《地藏菩萨本愿经》，又称《地藏本愿经》、《地藏本行经》、《地藏本誓力经》，共二卷，唐代实叉难陀译。《地藏菩萨本愿经》中国佛教界传诵较广，受到广大信众，尤其是净土信众的重视。大乘佛教经典。本经赞扬了地藏菩萨的宏大誓愿，并通过众菩萨、长者、鬼王、等依次提问，以及地藏菩萨与释迦牟尼佛的对话，介绍了地狱的状况，解释了众生解脱生死、忏悔业障、救拔亲人眷属苦难的种种方法。
静心,弘一法师,1270人点评,81.80%,2012年5月,生命起始之时，最初的那颗心除了清净透明什么都没有，可是在红尘俗世中混得久了，这颗心好像什么都沾染上了。在不断地求索与挣扎中，有时候心会越锁越紧，越来越浮躁迷乱找不到方向。《静心：弘一法师的人生幸福课》的文字中渗透着弘一法师的风骨和智慧，给浮躁的人们一份安宁，告诉人们一切顺其自然，便能宁静致远。它让人们在风云变幻中宠辱不惊；在岁月流逝中心清如水；让人们领悟到什么是真正的大彻大悟、禅定心安。让我们跟随大师的指引，一路找到灵魂的栖息之地，找到自己的精神家园。
